Name,Code,Control code,Code description,Easting,Northing,Elevation,Description,Longitude,Latitude,Ellipsoidal height,Origin,Easting RMS,Northing RMS,Elevation RMS,Lateral RMS,Antenna height,Antenna height units,Solution status,Correction type,Averaging start,Averaging end,Samples,PDOP,GDOP,Base easting,Base northing,Base elevation,Base longitude,Base latitude,Base ellipsoidal height,Baseline,Mount point,CS name,GPS Satellites,GLONASS Satellites,Galileo Satellites,BeiDou Satellites,QZSS Satellites,Device type,Device serial number,Author
1,L_1,,,339464.832,5626340.002,0.000,,-101.27653334,50.76658771,0.000,Local,,,,,,m,,,,,,,,,,,,,,,,NAD83(CSRS) / UTM zone 14N,,,,,,,,
2,L_1,,,339475.854,5626340.002,0.000,,-101.27637717,50.76659076,0.000,Local,,,,,,m,,,,,,,,,,,,,,,,NAD83(CSRS) / UTM zone 14N,,,,,,,,
3,L_1,,,339475.866,5626343.645,0.000,,-101.27637858,50.76662350,0.000,Local,,,,,,m,,,,,,,,,,,,,,,,NAD83(CSRS) / UTM zone 14N,,,,,,,,
4,L_1,,,339475.867,5626347.442,0.000,,-101.27638023,50.76665762,0.000,Local,,,,,,m,,,,,,,,,,,,,,,,NAD83(CSRS) / UTM zone 14N,,,,,,,,
5,L_1,,,339475.855,5626351.240,0.000,,-101.27638206,50.76669174,0.000,Local,,,,,,m,,,,,,,,,,,,,,,,NAD83(CSRS) / UTM zone 14N,,,,,,,,
6,L_1,,,339475.831,5626355.038,0.000,,-101.27638405,50.76672586,0.000,Local,,,,,,m,,,,,,,,,,,,,,,,NAD83(CSRS) / UTM zone 14N,,,,,,,,
7,L_1,,,339475.795,5626358.835,0.000,,-101.27638622,50.76675997,0.000,Local,,,,,,m,,,,,,,,,,,,,,,,NAD83(CSRS) / UTM zone 14N,,,,,,,,
8,L_1,,,339475.747,5626362.633,0.000,,-101.27638856,50.76679408,0.000,Local,,,,,,m,,,,,,,,,,,,,,,,NAD83(CSRS) / UTM zone 14N,,,,,,,,
9,L_1,,,339475.686,5626366.430,0.000,,-101.27639108,50.76682819,0.000,Local,,,,,,m,,,,,,,,,,,,,,,,NAD83(CSRS) / UTM zone 14N,,,,,,,,
10,L_1,,,339475.613,5626370.227,0.000,,-101.27639377,50.76686229,0.000,Local,,,,,,m,,,,,,,,,,,,,,,,NAD83(CSRS) / UTM zone 14N,,,,,,,,
11,L_1,,,339475.528,5626374.024,0.000,,-101.27639663,50.76689638,0.000,Local,,,,,,m,,,,,,,,,,,,,,,,NAD83(CSRS) / UTM zone 14N,,,,,,,,
12,L_1,,,339475.431,5626377.820,0.000,,-101.27639966,50.76693047,0.000,Local,,,,,,m,,,,,,,,,,,,,,,,NAD83(CSRS) / UTM zone 14N,,,,,,,,
13,L_1,,,339475.322,5626381.616,0.000,,-101.27640286,50.76696455,0.000,Local,,,,,,m,,,,,,,,,,,,,,,,NAD83(CSRS) / UTM zone 14N,,,,,,,,
14,L_1,,,339475.201,5626385.412,0.000,,-101.27640624,50.76699862,0.000,Local,,,,,,m,,,,,,,,,,,,,,,,NAD83(CSRS) / UTM zone 14N,,,,,,,,
15,L_1,,,339475.067,5626389.208,0.000,,-101.27640979,50.76703269,0.000,Local,,,,,,m,,,,,,,,,,,,,,,,NAD83(CSRS) / UTM zone 14N,,,,,,,,
16,L_1,,,339474.921,5626393.002,0.000,,-101.27641351,50.76706675,0.000,Local,,,,,,m,,,,,,,,,,,,,,,,NAD83(CSRS) / UTM zone 14N,,,,,,,,
17,L_1,,,339474.763,5626396.797,0.000,,-101.27641741,50.76710080,0.000,Local,,,,,,m,,,,,,,,,,,,,,,,NAD83(CSRS) / UTM zone 14N,,,,,,,,
18,L_1,,,339474.593,5626400.591,0.000,,-101.27642148,50.76713485,0.000,Local,,,,,,m,,,,,,,,,,,,,,,,NAD83(CSRS) / UTM zone 14N,,,,,,,,
19,L_1,,,339474.410,5626404.384,0.000,,-101.27642572,50.76716888,0.000,Local,,,,,,m,,,,,,,,,,,,,,,,NAD83(CSRS) / UTM zone 14N,,,,,,,,
20,L_1,,,339474.216,5626408.177,0.000,,-101.27643013,50.76720291,0.000,Local,,,,,,m,,,,,,,,,,,,,,,,NAD83(CSRS) / UTM zone 14N,,,,,,,,
21,L_1,,,339474.009,5626411.969,0.000,,-101.27643471,50.76723693,0.000,Local,,,,,,m,,,,,,,,,,,,,,,,NAD83(CSRS) / UTM zone 14N,,,,,,,,
22,L_1,,,339473.790,5626415.760,0.000,,-101.27643947,50.76727093,0.000,Local,,,,,,m,,,,,,,,,,,,,,,,NAD83(CSRS) / UTM zone 14N,,,,,,,,
23,L_1,,,339473.559,5626419.551,0.000,,-101.27644440,50.76730493,0.000,Local,,,,,,m,,,,,,,,,,,,,,,,NAD83(CSRS) / UTM zone 14N,,,,,,,,
24,L_1,,,339473.315,5626423.341,0.000,,-101.27644950,50.76733892,0.000,Local,,,,,,m,,,,,,,,,,,,,,,,NAD83(CSRS) / UTM zone 14N,,,,,,,,
25,L_1,,,339473.060,5626427.130,0.000,,-101.27645477,50.76737290,0.000,Local,,,,,,m,,,,,,,,,,,,,,,,NAD83(CSRS) / UTM zone 14N,,,,,,,,
26,L_1,,,339472.792,5626430.918,0.000,,-101.27646022,50.76740686,0.000,Local,,,,,,m,,,,,,,,,,,,,,,,NAD83(CSRS) / UTM zone 14N,,,,,,,,
27,L_1,,,339472.512,5626434.706,0.000,,-101.27646583,50.76744082,0.000,Local,,,,,,m,,,,,,,,,,,,,,,,NAD83(CSRS) / UTM zone 14N,,,,,,,,
28,L_1,,,339472.221,5626438.492,0.000,,-101.27647162,50.76747476,0.000,Local,,,,,,m,,,,,,,,,,,,,,,,NAD83(CSRS) / UTM zone 14N,,,,,,,,
29,L_1,,,339471.916,5626442.278,0.000,,-101.27647758,50.76750870,0.000,Local,,,,,,m,,,,,,,,,,,,,,,,NAD83(CSRS) / UTM zone 14N,,,,,,,,
30,L_1,,,339471.600,5626446.062,0.000,,-101.27648372,50.76754261,0.000,Local,,,,,,m,,,,,,,,,,,,,,,,NAD83(CSRS) / UTM zone 14N,,,,,,,,
31,L_1,,,339471.272,5626449.846,0.000,,-101.27649002,50.76757652,0.000,Local,,,,,,m,,,,,,,,,,,,,,,,NAD83(CSRS) / UTM zone 14N,,,,,,,,
32,L_1,,,339471.220,5626452.175,0.000,,-101.27649176,50.76759744,0.000,Local,,,,,,m,,,,,,,,,,,,,,,,NAD83(CSRS) / UTM zone 14N,,,,,,,,
33,L_1,,,339471.157,5626454.504,0.000,,-101.27649368,50.76761835,0.000,Local,,,,,,m,,,,,,,,,,,,,,,,NAD83(CSRS) / UTM zone 14N,,,,,,,,
34,L_1,,,339471.080,5626456.833,0.000,,-101.27649578,50.76763925,0.000,Local,,,,,,m,,,,,,,,,,,,,,,,NAD83(CSRS) / UTM zone 14N,,,,,,,,
35,L_1,,,339470.982,5626459.385,0.000,,-101.27649828,50.76766216,0.000,Local,,,,,,m,,,,,,,,,,,,,,,,NAD83(CSRS) / UTM zone 14N,,,,,,,,
36,L_1,,,339470.891,5626461.489,0.000,,-101.27650050,50.76768104,0.000,Local,,,,,,m,,,,,,,,,,,,,,,,NAD83(CSRS) / UTM zone 14N,,,,,,,,
37,L_1,,,339470.777,5626463.816,0.000,,-101.27650312,50.76770192,0.000,Local,,,,,,m,,,,,,,,,,,,,,,,NAD83(CSRS) / UTM zone 14N,,,,,,,,
38,L_1,,,339470.652,5626466.142,0.000,,-101.27650592,50.76772279,0.000,Local,,,,,,m,,,,,,,,,,,,,,,,NAD83(CSRS) / UTM zone 14N,,,,,,,,
39,L_1,,,339470.513,5626468.468,0.000,,-101.27650889,50.76774365,0.000,Local,,,,,,m,,,,,,,,,,,,,,,,NAD83(CSRS) / UTM zone 14N,,,,,,,,
40,L_1,,,339470.363,5626470.793,0.000,,-101.27651204,50.76776450,0.000,Local,,,,,,m,,,,,,,,,,,,,,,,NAD83(CSRS) / UTM zone 14N,,,,,,,,
41,L_1,,,339470.200,5626473.117,0.000,,-101.27651536,50.76778534,0.000,Local,,,,,,m,,,,,,,,,,,,,,,,NAD83(CSRS) / UTM zone 14N,,,,,,,,
42,L_1,,,339470.024,5626475.441,0.000,,-101.27651886,50.76780616,0.000,Local,,,,,,m,,,,,,,,,,,,,,,,NAD83(CSRS) / UTM zone 14N,,,,,,,,
43,L_1,,,339469.836,5626477.763,0.000,,-101.27652254,50.76782698,0.000,Local,,,,,,m,,,,,,,,,,,,,,,,NAD83(CSRS) / UTM zone 14N,,,,,,,,
44,L_1,,,339469.636,5626480.084,0.000,,-101.27652639,50.76784778,0.000,Local,,,,,,m,,,,,,,,,,,,,,,,NAD83(CSRS) / UTM zone 14N,,,,,,,,
45,L_1,,,339469.423,5626482.404,0.000,,-101.27653042,50.76786857,0.000,Local,,,,,,m,,,,,,,,,,,,,,,,NAD83(CSRS) / UTM zone 14N,,,,,,,,
46,L_1,,,339469.198,5626484.723,0.000,,-101.27653462,50.76788935,0.000,Local,,,,,,m,,,,,,,,,,,,,,,,NAD83(CSRS) / UTM zone 14N,,,,,,,,
47,L_1,,,339468.961,5626487.041,0.000,,-101.27653899,50.76791011,0.000,Local,,,,,,m,,,,,,,,,,,,,,,,NAD83(CSRS) / UTM zone 14N,,,,,,,,
48,L_1,,,339468.711,5626489.357,0.000,,-101.27654354,50.76793085,0.000,Local,,,,,,m,,,,,,,,,,,,,,,,NAD83(CSRS) / UTM zone 14N,,,,,,,,
49,L_1,,,339468.449,5626491.673,0.000,,-101.27654827,50.76795159,0.000,Local,,,,,,m,,,,,,,,,,,,,,,,NAD83(CSRS) / UTM zone 14N,,,,,,,,
50,L_1,,,339468.174,5626493.986,0.000,,-101.27655316,50.76797230,0.000,Local,,,,,,m,,,,,,,,,,,,,,,,NAD83(CSRS) / UTM zone 14N,,,,,,,,
51,L_1,,,339467.888,5626496.298,0.000,,-101.27655824,50.76799300,0.000,Local,,,,,,m,,,,,,,,,,,,,,,,NAD83(CSRS) / UTM zone 14N,,,,,,,,
52,L_1,,,339467.588,5626498.609,0.000,,-101.27656349,50.76801368,0.000,Local,,,,,,m,,,,,,,,,,,,,,,,NAD83(CSRS) / UTM zone 14N,,,,,,,,
53,L_1,,,339467.277,5626500.918,0.000,,-101.27656891,50.76803434,0.000,Local,,,,,,m,,,,,,,,,,,,,,,,NAD83(CSRS) / UTM zone 14N,,,,,,,,
54,L_1,,,339466.953,5626503.225,0.000,,-101.27657450,50.76805498,0.000,Local,,,,,,m,,,,,,,,,,,,,,,,NAD83(CSRS) / UTM zone 14N,,,,,,,,
55,L_1,,,339466.617,5626505.531,0.000,,-101.27658027,50.76807560,0.000,Local,,,,,,m,,,,,,,,,,,,,,,,NAD83(CSRS) / UTM zone 14N,,,,,,,,
56,L_1,,,339466.269,5626507.834,0.000,,-101.27658621,50.76809621,0.000,Local,,,,,,m,,,,,,,,,,,,,,,,NAD83(CSRS) / UTM zone 14N,,,,,,,,
57,L_1,,,339465.908,5626510.136,0.000,,-101.27659233,50.76811679,0.000,Local,,,,,,m,,,,,,,,,,,,,,,,NAD83(CSRS) / UTM zone 14N,,,,,,,,
58,L_1,,,339465.535,5626512.436,0.000,,-101.27659862,50.76813735,0.000,Local,,,,,,m,,,,,,,,,,,,,,,,NAD83(CSRS) / UTM zone 14N,,,,,,,,
59,L_1,,,339465.150,5626514.734,0.000,,-101.27660508,50.76815790,0.000,Local,,,,,,m,,,,,,,,,,,,,,,,NAD83(CSRS) / UTM zone 14N,,,,,,,,
60,L_1,,,339464.752,5626517.030,0.000,,-101.27661171,50.76817841,0.000,Local,,,,,,m,,,,,,,,,,,,,,,,NAD83(CSRS) / UTM zone 14N,,,,,,,,
61,L_1,,,339464.342,5626519.323,0.000,,-101.27661852,50.76819891,0.000,Local,,,,,,m,,,,,,,,,,,,,,,,NAD83(CSRS) / UTM zone 14N,,,,,,,,
62,L_1,,,339463.920,5626521.614,0.000,,-101.27662550,50.76821938,0.000,Local,,,,,,m,,,,,,,,,,,,,,,,NAD83(CSRS) / UTM zone 14N,,,,,,,,
63,L_1,,,339463.486,5626523.904,0.000,,-101.27663265,50.76823983,0.000,Local,,,,,,m,,,,,,,,,,,,,,,,NAD83(CSRS) / UTM zone 14N,,,,,,,,
64,L_1,,,339463.040,5626526.190,0.000,,-101.27663997,50.76826026,0.000,Local,,,,,,m,,,,,,,,,,,,,,,,NAD83(CSRS) / UTM zone 14N,,,,,,,,
65,L_1,,,339462.581,5626528.475,0.000,,-101.27664747,50.76828066,0.000,Local,,,,,,m,,,,,,,,,,,,,,,,NAD83(CSRS) / UTM zone 14N,,,,,,,,
66,L_1,,,339462.110,5626530.756,0.000,,-101.27665514,50.76830103,0.000,Local,,,,,,m,,,,,,,,,,,,,,,,NAD83(CSRS) / UTM zone 14N,,,,,,,,
67,L_1,,,339461.627,5626533.036,0.000,,-101.27666298,50.76832138,0.000,Local,,,,,,m,,,,,,,,,,,,,,,,NAD83(CSRS) / UTM zone 14N,,,,,,,,
68,L_1,,,339461.132,5626535.312,0.000,,-101.27667099,50.76834170,0.000,Local,,,,,,m,,,,,,,,,,,,,,,,NAD83(CSRS) / UTM zone 14N,,,,,,,,
69,L_1,,,339460.625,5626537.586,0.000,,-101.27667917,50.76836199,0.000,Local,,,,,,m,,,,,,,,,,,,,,,,NAD83(CSRS) / UTM zone 14N,,,,,,,,
70,L_1,,,339460.105,5626539.858,0.000,,-101.27668752,50.76838226,0.000,Local,,,,,,m,,,,,,,,,,,,,,,,NAD83(CSRS) / UTM zone 14N,,,,,,,,
71,L_1,,,339459.574,5626542.126,0.000,,-101.27669604,50.76840249,0.000,Local,,,,,,m,,,,,,,,,,,,,,,,NAD83(CSRS) / UTM zone 14N,,,,,,,,
72,L_1,,,339459.030,5626544.392,0.000,,-101.27670473,50.76842270,0.000,Local,,,,,,m,,,,,,,,,,,,,,,,NAD83(CSRS) / UTM zone 14N,,,,,,,,
73,L_1,,,339458.474,5626546.654,0.000,,-101.27671359,50.76844288,0.000,Local,,,,,,m,,,,,,,,,,,,,,,,NAD83(CSRS) / UTM zone 14N,,,,,,,,
74,L_1,,,339457.904,5626548.922,0.000,,-101.27672266,50.76846309,0.000,Local,,,,,,m,,,,,,,,,,,,,,,,NAD83(CSRS) / UTM zone 14N,,,,,,,,
75,L_1,,,339457.327,5626551.170,0.000,,-101.27673182,50.76848314,0.000,Local,,,,,,m,,,,,,,,,,,,,,,,NAD83(CSRS) / UTM zone 14N,,,,,,,,
76,L_1,,,339456.735,5626553.424,0.000,,-101.27674120,50.76850323,0.000,Local,,,,,,m,,,,,,,,,,,,,,,,NAD83(CSRS) / UTM zone 14N,,,,,,,,
77,L_1,,,339456.131,5626555.674,0.000,,-101.27675073,50.76852328,0.000,Local,,,,,,m,,,,,,,,,,,,,,,,NAD83(CSRS) / UTM zone 14N,,,,,,,,
78,L_1,,,339455.515,5626557.921,0.000,,-101.27676044,50.76854330,0.000,Local,,,,,,m,,,,,,,,,,,,,,,,NAD83(CSRS) / UTM zone 14N,,,,,,,,
79,L_1,,,339454.887,5626560.165,0.000,,-101.27677032,50.76856329,0.000,Local,,,,,,m,,,,,,,,,,,,,,,,NAD83(CSRS) / UTM zone 14N,,,,,,,,
80,L_1,,,339454.247,5626562.405,0.000,,-101.27678036,50.76858324,0.000,Local,,,,,,m,,,,,,,,,,,,,,,,NAD83(CSRS) / UTM zone 14N,,,,,,,,
81,L_1,,,339453.595,5626564.642,0.000,,-101.27679057,50.76860316,0.000,Local,,,,,,m,,,,,,,,,,,,,,,,NAD83(CSRS) / UTM zone 14N,,,,,,,,
82,L_1,,,339452.932,5626566.875,0.000,,-101.27680095,50.76862304,0.000,Local,,,,,,m,,,,,,,,,,,,,,,,NAD83(CSRS) / UTM zone 14N,,,,,,,,
83,L_1,,,339452.256,5626569.105,0.000,,-101.27681150,50.76864289,0.000,Local,,,,,,m,,,,,,,,,,,,,,,,NAD83(CSRS) / UTM zone 14N,,,,,,,,
84,L_1,,,339451.568,5626571.331,0.000,,-101.27682221,50.76866271,0.000,Local,,,,,,m,,,,,,,,,,,,,,,,NAD83(CSRS) / UTM zone 14N,,,,,,,,
85,L_1,,,339450.869,5626573.554,0.000,,-101.27683309,50.76868248,0.000,Local,,,,,,m,,,,,,,,,,,,,,,,NAD83(CSRS) / UTM zone 14N,,,,,,,,
86,L_1,,,339450.158,5626575.772,0.000,,-101.27684414,50.76870222,0.000,Local,,,,,,m,,,,,,,,,,,,,,,,NAD83(CSRS) / UTM zone 14N,,,,,,,,
87,L_1,,,339449.175,5626578.767,0.000,,-101.27685937,50.76872886,0.000,Local,,,,,,m,,,,,,,,,,,,,,,,NAD83(CSRS) / UTM zone 14N,,,,,,,,
88,L_1,,,339439.441,5626578.767,0.000,,-101.27699730,50.76872617,0.000,Local,,,,,,m,,,,,,,,,,,,,,,,NAD83(CSRS) / UTM zone 14N,,,,,,,,
89,L_1,,,339439.500,5626578.594,0.000,,-101.27699639,50.76872463,0.000,Local,,,,,,m,,,,,,,,,,,,,,,,NAD83(CSRS) / UTM zone 14N,,,,,,,,
90,L_1,,,339440.238,5626576.378,0.000,,-101.27698496,50.76870492,0.000,Local,,,,,,m,,,,,,,,,,,,,,,,NAD83(CSRS) / UTM zone 14N,,,,,,,,
91,L_1,,,339440.965,5626574.157,0.000,,-101.27697370,50.76868517,0.000,Local,,,,,,m,,,,,,,,,,,,,,,,NAD83(CSRS) / UTM zone 14N,,,,,,,,
92,L_1,,,339441.680,5626571.934,0.000,,-101.27696260,50.76866538,0.000,Local,,,,,,m,,,,,,,,,,,,,,,,NAD83(CSRS) / UTM zone 14N,,,,,,,,
93,L_1,,,339442.382,5626569.706,0.000,,-101.27695167,50.76864556,0.000,Local,,,,,,m,,,,,,,,,,,,,,,,NAD83(CSRS) / UTM zone 14N,,,,,,,,
94,L_1,,,339443.073,5626567.474,0.000,,-101.27694090,50.76862570,0.000,Local,,,,,,m,,,,,,,,,,,,,,,,NAD83(CSRS) / UTM zone 14N,,,,,,,,
95,L_1,,,339443.752,5626565.239,0.000,,-101.27693030,50.76860580,0.000,Local,,,,,,m,,,,,,,,,,,,,,,,NAD83(CSRS) / UTM zone 14N,,,,,,,,
96,L_1,,,339444.420,5626563.001,0.000,,-101.27691988,50.76858587,0.000,Local,,,,,,m,,,,,,,,,,,,,,,,NAD83(CSRS) / UTM zone 14N,,,,,,,,
97,L_1,,,339445.075,5626560.758,0.000,,-101.27690961,50.76856591,0.000,Local,,,,,,m,,,,,,,,,,,,,,,,NAD83(CSRS) / UTM zone 14N,,,,,,,,
98,L_1,,,339445.718,5626558.513,0.000,,-101.27689952,50.76854590,0.000,Local,,,,,,m,,,,,,,,,,,,,,,,NAD83(CSRS) / UTM zone 14N,,,,,,,,
99,L_1,,,339446.349,5626556.264,0.000,,-101.27688960,50.76852587,0.000,Local,,,,,,m,,,,,,,,,,,,,,,,NAD83(CSRS) / UTM zone 14N,,,,,,,,
100,L_1,,,339446.968,5626554.011,0.000,,-101.27687985,50.76850580,0.000,Local,,,,,,m,,,,,,,,,,,,,,,,NAD83(CSRS) / UTM zone 14N,,,,,,,,
101,L_1,,,339447.575,5626551.755,0.000,,-101.27687026,50.76848570,0.000,Local,,,,,,m,,,,,,,,,,,,,,,,NAD83(CSRS) / UTM zone 14N,,,,,,,,
102,L_1,,,339448.169,5626549.496,0.000,,-101.27686085,50.76846556,0.000,Local,,,,,,m,,,,,,,,,,,,,,,,NAD83(CSRS) / UTM zone 14N,,,,,,,,
103,L_1,,,339448.752,5626547.234,0.000,,-101.27685160,50.76844540,0.000,Local,,,,,,m,,,,,,,,,,,,,,,,NAD83(CSRS) / UTM zone 14N,,,,,,,,
104,L_1,,,339449.323,5626544.969,0.000,,-101.27684253,50.76842520,0.000,Local,,,,,,m,,,,,,,,,,,,,,,,NAD83(CSRS) / UTM zone 14N,,,,,,,,
105,L_1,,,339449.881,5626542.701,0.000,,-101.27683363,50.76840498,0.000,Local,,,,,,m,,,,,,,,,,,,,,,,NAD83(CSRS) / UTM zone 14N,,,,,,,,
106,L_1,,,339450.428,5626540.430,0.000,,-101.27682489,50.76838472,0.000,Local,,,,,,m,,,,,,,,,,,,,,,,NAD83(CSRS) / UTM zone 14N,,,,,,,,
107,L_1,,,339450.962,5626538.156,0.000,,-101.27681633,50.76836443,0.000,Local,,,,,,m,,,,,,,,,,,,,,,,NAD83(CSRS) / UTM zone 14N,,,,,,,,
108,L_1,,,339451.484,5626535.879,0.000,,-101.27680794,50.76834412,0.000,Local,,,,,,m,,,,,,,,,,,,,,,,NAD83(CSRS) / UTM zone 14N,,,,,,,,
109,L_1,,,339451.994,5626533.599,0.000,,-101.27679972,50.76832377,0.000,Local,,,,,,m,,,,,,,,,,,,,,,,NAD83(CSRS) / UTM zone 14N,,,,,,,,
110,L_1,,,339452.491,5626531.317,0.000,,-101.27679168,50.76830340,0.000,Local,,,,,,m,,,,,,,,,,,,,,,,NAD83(CSRS) / UTM zone 14N,,,,,,,,
111,L_1,,,339452.977,5626529.032,0.000,,-101.27678380,50.76828300,0.000,Local,,,,,,m,,,,,,,,,,,,,,,,NAD83(CSRS) / UTM zone 14N,,,,,,,,
112,L_1,,,339453.450,5626526.744,0.000,,-101.27677610,50.76826258,0.000,Local,,,,,,m,,,,,,,,,,,,,,,,NAD83(CSRS) / UTM zone 14N,,,,,,,,
113,L_1,,,339453.911,5626524.454,0.000,,-101.27676857,50.76824213,0.000,Local,,,,,,m,,,,,,,,,,,,,,,,NAD83(CSRS) / UTM zone 14N,,,,,,,,
114,L_1,,,339454.359,5626522.162,0.000,,-101.27676121,50.76822165,0.000,Local,,,,,,m,,,,,,,,,,,,,,,,NAD83(CSRS) / UTM zone 14N,,,,,,,,
115,L_1,,,339454.942,5626519.076,0.000,,-101.27675161,50.76819409,0.000,Local,,,,,,m,,,,,,,,,,,,,,,,NAD83(CSRS) / UTM zone 14N,,,,,,,,
116,L_1,,,339455.220,5626517.570,0.000,,-101.27674702,50.76818063,0.000,Local,,,,,,m,,,,,,,,,,,,,,,,NAD83(CSRS) / UTM zone 14N,,,,,,,,
117,L_1,,,339455.632,5626515.270,0.000,,-101.27674018,50.76816008,0.000,Local,,,,,,m,,,,,,,,,,,,,,,,NAD83(CSRS) / UTM zone 14N,,,,,,,,
118,L_1,,,339456.031,5626512.969,0.000,,-101.27673351,50.76813951,0.000,Local,,,,,,m,,,,,,,,,,,,,,,,NAD83(CSRS) / UTM zone 14N,,,,,,,,
119,L_1,,,339456.418,5626510.665,0.000,,-101.27672702,50.76811892,0.000,Local,,,,,,m,,,,,,,,,,,,,,,,NAD83(CSRS) / UTM zone 14N,,,,,,,,
120,L_1,,,339456.793,5626508.359,0.000,,-101.27672071,50.76809830,0.000,Local,,,,,,m,,,,,,,,,,,,,,,,NAD83(CSRS) / UTM zone 14N,,,,,,,,
121,L_1,,,339457.155,5626506.052,0.000,,-101.27671456,50.76807767,0.000,Local,,,,,,m,,,,,,,,,,,,,,,,NAD83(CSRS) / UTM zone 14N,,,,,,,,
122,L_1,,,339457.506,5626503.742,0.000,,-101.27670859,50.76805701,0.000,Local,,,,,,m,,,,,,,,,,,,,,,,NAD83(CSRS) / UTM zone 14N,,,,,,,,
123,L_1,,,339457.843,5626501.431,0.000,,-101.27670280,50.76803634,0.000,Local,,,,,,m,,,,,,,,,,,,,,,,NAD83(CSRS) / UTM zone 14N,,,,,,,,
124,L_1,,,339458.169,5626499.118,0.000,,-101.27669718,50.76801564,0.000,Local,,,,,,m,,,,,,,,,,,,,,,,NAD83(CSRS) / UTM zone 14N,,,,,,,,
125,L_1,,,339458.482,5626496.803,0.000,,-101.27669173,50.76799493,0.000,Local,,,,,,m,,,,,,,,,,,,,,,,NAD83(CSRS) / UTM zone 14N,,,,,,,,
126,L_1,,,339458.782,5626494.486,0.000,,-101.27668646,50.76797419,0.000,Local,,,,,,m,,,,,,,,,,,,,,,,NAD83(CSRS) / UTM zone 14N,,,,,,,,
127,L_1,,,339459.071,5626492.168,0.000,,-101.27668137,50.76795344,0.000,Local,,,,,,m,,,,,,,,,,,,,,,,NAD83(CSRS) / UTM zone 14N,,,,,,,,
128,L_1,,,339459.417,5626489.230,0.000,,-101.27667518,50.76792714,0.000,Local,,,,,,m,,,,,,,,,,,,,,,,NAD83(CSRS) / UTM zone 14N,,,,,,,,
129,L_1,,,339459.610,5626487.527,0.000,,-101.27667170,50.76791189,0.000,Local,,,,,,m,,,,,,,,,,,,,,,,NAD83(CSRS) / UTM zone 14N,,,,,,,,
130,L_1,,,339459.861,5626485.205,0.000,,-101.27666713,50.76789109,0.000,Local,,,,,,m,,,,,,,,,,,,,,,,NAD83(CSRS) / UTM zone 14N,,,,,,,,
131,L_1,,,339460.099,5626482.881,0.000,,-101.27666274,50.76787028,0.000,Local,,,,,,m,,,,,,,,,,,,,,,,NAD83(CSRS) / UTM zone 14N,,,,,,,,
132,L_1,,,339460.325,5626480.556,0.000,,-101.27665852,50.76784945,0.000,Local,,,,,,m,,,,,,,,,,,,,,,,NAD83(CSRS) / UTM zone 14N,,,,,,,,
133,L_1,,,339460.539,5626478.230,0.000,,-101.27665448,50.76782861,0.000,Local,,,,,,m,,,,,,,,,,,,,,,,NAD83(CSRS) / UTM zone 14N,,,,,,,,
134,L_1,,,339460.740,5626475.903,0.000,,-101.27665061,50.76780775,0.000,Local,,,,,,m,,,,,,,,,,,,,,,,NAD83(CSRS) / UTM zone 14N,,,,,,,,
135,L_1,,,339460.929,5626473.574,0.000,,-101.27664692,50.76778688,0.000,Local,,,,,,m,,,,,,,,,,,,,,,,NAD83(CSRS) / UTM zone 14N,,,,,,,,
136,L_1,,,339461.105,5626471.245,0.000,,-101.27664341,50.76776600,0.000,Local,,,,,,m,,,,,,,,,,,,,,,,NAD83(CSRS) / UTM zone 14N,,,,,,,,
137,L_1,,,339461.269,5626468.915,0.000,,-101.27664007,50.76774510,0.000,Local,,,,,,m,,,,,,,,,,,,,,,,NAD83(CSRS) / UTM zone 14N,,,,,,,,
138,L_1,,,339461.420,5626466.584,0.000,,-101.27663691,50.76772420,0.000,Local,,,,,,m,,,,,,,,,,,,,,,,NAD83(CSRS) / UTM zone 14N,,,,,,,,
139,L_1,,,339461.559,5626464.252,0.000,,-101.27663392,50.76770328,0.000,Local,,,,,,m,,,,,,,,,,,,,,,,NAD83(CSRS) / UTM zone 14N,,,,,,,,
140,L_1,,,339461.686,5626461.919,0.000,,-101.27663112,50.76768236,0.000,Local,,,,,,m,,,,,,,,,,,,,,,,NAD83(CSRS) / UTM zone 14N,,,,,,,,
141,L_1,,,339461.808,5626459.385,0.000,,-101.27662827,50.76765962,0.000,Local,,,,,,m,,,,,,,,,,,,,,,,NAD83(CSRS) / UTM zone 14N,,,,,,,,
142,L_1,,,339461.901,5626457.253,0.000,,-101.27662603,50.76764048,0.000,Local,,,,,,m,,,,,,,,,,,,,,,,NAD83(CSRS) / UTM zone 14N,,,,,,,,
143,L_1,,,339461.990,5626454.918,0.000,,-101.27662375,50.76761953,0.000,Local,,,,,,m,,,,,,,,,,,,,,,,NAD83(CSRS) / UTM zone 14N,,,,,,,,
144,L_1,,,339462.066,5626452.584,0.000,,-101.27662165,50.76759858,0.000,Local,,,,,,m,,,,,,,,,,,,,,,,NAD83(CSRS) / UTM zone 14N,,,,,,,,
145,L_1,,,339462.130,5626450.248,0.000,,-101.27661972,50.76757761,0.000,Local,,,,,,m,,,,,,,,,,,,,,,,NAD83(CSRS) / UTM zone 14N,,,,,,,,
146,L_1,,,339462.182,5626447.913,0.000,,-101.27661798,50.76755664,0.000,Local,,,,,,m,,,,,,,,,,,,,,,,NAD83(CSRS) / UTM zone 14N,,,,,,,,
147,L_1,,,339462.435,5626443.776,0.000,,-101.27661258,50.76751953,0.000,Local,,,,,,m,,,,,,,,,,,,,,,,NAD83(CSRS) / UTM zone 14N,,,,,,,,
148,L_1,,,339462.677,5626439.637,0.000,,-101.27660735,50.76748241,0.000,Local,,,,,,m,,,,,,,,,,,,,,,,NAD83(CSRS) / UTM zone 14N,,,,,,,,
149,L_1,,,339462.906,5626435.498,0.000,,-101.27660230,50.76744528,0.000,Local,,,,,,m,,,,,,,,,,,,,,,,NAD83(CSRS) / UTM zone 14N,,,,,,,,
150,L_1,,,339463.123,5626431.359,0.000,,-101.27659741,50.76740815,0.000,Local,,,,,,m,,,,,,,,,,,,,,,,NAD83(CSRS) / UTM zone 14N,,,,,,,,
151,L_1,,,339463.328,5626427.219,0.000,,-101.27659270,50.76737100,0.000,Local,,,,,,m,,,,,,,,,,,,,,,,NAD83(CSRS) / UTM zone 14N,,,,,,,,
152,L_1,,,339463.521,5626423.078,0.000,,-101.27658816,50.76733385,0.000,Local,,,,,,m,,,,,,,,,,,,,,,,NAD83(CSRS) / UTM zone 14N,,,,,,,,
153,L_1,,,339463.702,5626418.936,0.000,,-101.27658379,50.76729668,0.000,Local,,,,,,m,,,,,,,,,,,,,,,,NAD83(CSRS) / UTM zone 14N,,,,,,,,
154,L_1,,,339463.871,5626414.795,0.000,,-101.27657959,50.76725951,0.000,Local,,,,,,m,,,,,,,,,,,,,,,,NAD83(CSRS) / UTM zone 14N,,,,,,,,
155,L_1,,,339464.027,5626410.652,0.000,,-101.27657557,50.76722233,0.000,Local,,,,,,m,,,,,,,,,,,,,,,,NAD83(CSRS) / UTM zone 14N,,,,,,,,
156,L_1,,,339464.172,5626406.509,0.000,,-101.27657171,50.76718515,0.000,Local,,,,,,m,,,,,,,,,,,,,,,,NAD83(CSRS) / UTM zone 14N,,,,,,,,
157,L_1,,,339464.304,5626402.366,0.000,,-101.27656803,50.76714795,0.000,Local,,,,,,m,,,,,,,,,,,,,,,,NAD83(CSRS) / UTM zone 14N,,,,,,,,
158,L_1,,,339464.424,5626398.223,0.000,,-101.27656452,50.76711075,0.000,Local,,,,,,m,,,,,,,,,,,,,,,,NAD83(CSRS) / UTM zone 14N,,,,,,,,
159,L_1,,,339464.533,5626394.079,0.000,,-101.27656118,50.76707355,0.000,Local,,,,,,m,,,,,,,,,,,,,,,,NAD83(CSRS) / UTM zone 14N,,,,,,,,
160,L_1,,,339464.629,5626389.935,0.000,,-101.27655801,50.76703634,0.000,Local,,,,,,m,,,,,,,,,,,,,,,,NAD83(CSRS) / UTM zone 14N,,,,,,,,
161,L_1,,,339464.712,5626385.790,0.000,,-101.27655501,50.76699912,0.000,Local,,,,,,m,,,,,,,,,,,,,,,,NAD83(CSRS) / UTM zone 14N,,,,,,,,
162,L_1,,,339464.784,5626381.646,0.000,,-101.27655219,50.76696190,0.000,Local,,,,,,m,,,,,,,,,,,,,,,,NAD83(CSRS) / UTM zone 14N,,,,,,,,
163,L_1,,,339464.844,5626377.501,0.000,,-101.27654953,50.76692467,0.000,Local,,,,,,m,,,,,,,,,,,,,,,,NAD83(CSRS) / UTM zone 14N,,,,,,,,
164,L_1,,,339464.891,5626373.356,0.000,,-101.27654705,50.76688743,0.000,Local,,,,,,m,,,,,,,,,,,,,,,,NAD83(CSRS) / UTM zone 14N,,,,,,,,
165,L_1,,,339464.927,5626369.211,0.000,,-101.27654474,50.76685020,0.000,Local,,,,,,m,,,,,,,,,,,,,,,,NAD83(CSRS) / UTM zone 14N,,,,,,,,
166,L_1,,,339464.950,5626365.065,0.000,,-101.27654260,50.76681296,0.000,Local,,,,,,m,,,,,,,,,,,,,,,,NAD83(CSRS) / UTM zone 14N,,,,,,,,
167,L_1,,,339464.961,5626360.920,0.000,,-101.27654064,50.76677571,0.000,Local,,,,,,m,,,,,,,,,,,,,,,,NAD83(CSRS) / UTM zone 14N,,,,,,,,
168,L_1,,,339464.960,5626356.775,0.000,,-101.27653884,50.76673846,0.000,Local,,,,,,m,,,,,,,,,,,,,,,,NAD83(CSRS) / UTM zone 14N,,,,,,,,
169,L_1,,,339464.947,5626352.629,0.000,,-101.27653722,50.76670121,0.000,Local,,,,,,m,,,,,,,,,,,,,,,,NAD83(CSRS) / UTM zone 14N,,,,,,,,
170,L_1,,,339464.922,5626348.484,0.000,,-101.27653577,50.76666395,0.000,Local,,,,,,m,,,,,,,,,,,,,,,,NAD83(CSRS) / UTM zone 14N,,,,,,,,
171,L_1,,,339464.884,5626344.339,0.000,,-101.27653449,50.76662670,0.000,Local,,,,,,m,,,,,,,,,,,,,,,,NAD83(CSRS) / UTM zone 14N,,,,,,,,
172,L_1,CLS,,339464.835,5626340.194,0.000,,-101.27653338,50.76658944,0.000,Local,,,,,,m,,,,,,,,,,,,,,,,NAD83(CSRS) / UTM zone 14N,,,,,,,,
173,L_2,,,339462.182,5626447.913,0.000,,-101.27661798,50.76755664,0.000,Local,,,,,,m,,,,,,,,,,,,,,,,NAD83(CSRS) / UTM zone 14N,,,,,,,,
174,L_2,,,339462.305,5626445.917,0.000,,-101.27661535,50.76753874,0.000,Local,,,,,,m,,,,,,,,,,,,,,,,NAD83(CSRS) / UTM zone 14N,,,,,,,,
175,L_2,,,339462.426,5626443.922,0.000,,-101.27661277,50.76752084,0.000,Local,,,,,,m,,,,,,,,,,,,,,,,NAD83(CSRS) / UTM zone 14N,,,,,,,,
176,L_2,,,339462.545,5626441.926,0.000,,-101.27661022,50.76750294,0.000,Local,,,,,,m,,,,,,,,,,,,,,,,NAD83(CSRS) / UTM zone 14N,,,,,,,,
177,L_2,,,339462.660,5626439.930,0.000,,-101.27660772,50.76748503,0.000,Local,,,,,,m,,,,,,,,,,,,,,,,NAD83(CSRS) / UTM zone 14N,,,,,,,,
178,L_2,,,339462.772,5626437.933,0.000,,-101.27660525,50.76746713,0.000,Local,,,,,,m,,,,,,,,,,,,,,,,NAD83(CSRS) / UTM zone 14N,,,,,,,,
179,L_2,,,339462.882,5626435.937,0.000,,-101.27660282,50.76744922,0.000,Local,,,,,,m,,,,,,,,,,,,,,,,NAD83(CSRS) / UTM zone 14N,,,,,,,,
180,L_2,,,339462.989,5626433.940,0.000,,-101.27660044,50.76743131,0.000,Local,,,,,,m,,,,,,,,,,,,,,,,NAD83(CSRS) / UTM zone 14N,,,,,,,,
181,L_2,,,339463.093,5626431.944,0.000,,-101.27659809,50.76741339,0.000,Local,,,,,,m,,,,,,,,,,,,,,,,NAD83(CSRS) / UTM zone 14N,,,,,,,,
182,L_2,,,339463.194,5626429.947,0.000,,-101.27659579,50.76739548,0.000,Local,,,,,,m,,,,,,,,,,,,,,,,NAD83(CSRS) / UTM zone 14N,,,,,,,,
183,L_2,,,339463.293,5626427.950,0.000,,-101.27659352,50.76737756,0.000,Local,,,,,,m,,,,,,,,,,,,,,,,NAD83(CSRS) / UTM zone 14N,,,,,,,,
184,L_2,,,339463.388,5626425.953,0.000,,-101.27659129,50.76735964,0.000,Local,,,,,,m,,,,,,,,,,,,,,,,NAD83(CSRS) / UTM zone 14N,,,,,,,,
185,L_2,,,339463.481,5626423.955,0.000,,-101.27658911,50.76734172,0.000,Local,,,,,,m,,,,,,,,,,,,,,,,NAD83(CSRS) / UTM zone 14N,,,,,,,,
186,L_2,,,339463.571,5626421.958,0.000,,-101.27658696,50.76732380,0.000,Local,,,,,,m,,,,,,,,,,,,,,,,NAD83(CSRS) / UTM zone 14N,,,,,,,,
187,L_2,,,339463.658,5626419.960,0.000,,-101.27658486,50.76730587,0.000,Local,,,,,,m,,,,,,,,,,,,,,,,NAD83(CSRS) / UTM zone 14N,,,,,,,,
188,L_2,,,339463.743,5626417.963,0.000,,-101.27658279,50.76728795,0.000,Local,,,,,,m,,,,,,,,,,,,,,,,NAD83(CSRS) / UTM zone 14N,,,,,,,,
189,L_2,,,339463.824,5626415.965,0.000,,-101.27658076,50.76727002,0.000,Local,,,,,,m,,,,,,,,,,,,,,,,NAD83(CSRS) / UTM zone 14N,,,,,,,,
190,L_2,,,339463.903,5626413.967,0.000,,-101.27657877,50.76725209,0.000,Local,,,,,,m,,,,,,,,,,,,,,,,NAD83(CSRS) / UTM zone 14N,,,,,,,,
191,L_2,,,339463.979,5626411.969,0.000,,-101.27657683,50.76723415,0.000,Local,,,,,,m,,,,,,,,,,,,,,,,NAD83(CSRS) / UTM zone 14N,,,,,,,,
192,L_2,,,339464.052,5626409.971,0.000,,-101.27657492,50.76721622,0.000,Local,,,,,,m,,,,,,,,,,,,,,,,NAD83(CSRS) / UTM zone 14N,,,,,,,,
193,L_2,,,339464.122,5626407.973,0.000,,-101.27657305,50.76719828,0.000,Local,,,,,,m,,,,,,,,,,,,,,,,NAD83(CSRS) / UTM zone 14N,,,,,,,,
194,L_2,,,339464.190,5626405.975,0.000,,-101.27657123,50.76718035,0.000,Local,,,,,,m,,,,,,,,,,,,,,,,NAD83(CSRS) / UTM zone 14N,,,,,,,,
195,L_2,,,339464.254,5626403.976,0.000,,-101.27656944,50.76716241,0.000,Local,,,,,,m,,,,,,,,,,,,,,,,NAD83(CSRS) / UTM zone 14N,,,,,,,,
196,L_2,,,339464.316,5626401.978,0.000,,-101.27656769,50.76714447,0.000,Local,,,,,,m,,,,,,,,,,,,,,,,NAD83(CSRS) / UTM zone 14N,,,,,,,,
197,L_2,,,339464.375,5626399.979,0.000,,-101.27656598,50.76712652,0.000,Local,,,,,,m,,,,,,,,,,,,,,,,NAD83(CSRS) / UTM zone 14N,,,,,,,,
198,L_2,,,339464.431,5626397.980,0.000,,-101.27656432,50.76710858,0.000,Local,,,,,,m,,,,,,,,,,,,,,,,NAD83(CSRS) / UTM zone 14N,,,,,,,,
199,L_2,,,339464.484,5626395.982,0.000,,-101.27656269,50.76709063,0.000,Local,,,,,,m,,,,,,,,,,,,,,,,NAD83(CSRS) / UTM zone 14N,,,,,,,,
200,L_2,,,339464.535,5626393.983,0.000,,-101.27656110,50.76707269,0.000,Local,,,,,,m,,,,,,,,,,,,,,,,NAD83(CSRS) / UTM zone 14N,,,,,,,,
201,L_2,,,339464.583,5626391.984,0.000,,-101.27655955,50.76705474,0.000,Local,,,,,,m,,,,,,,,,,,,,,,,NAD83(CSRS) / UTM zone 14N,,,,,,,,
202,L_2,,,339464.627,5626389.985,0.000,,-101.27655805,50.76703679,0.000,Local,,,,,,m,,,,,,,,,,,,,,,,NAD83(CSRS) / UTM zone 14N,,,,,,,,
203,L_2,,,339464.670,5626387.986,0.000,,-101.27655658,50.76701884,0.000,Local,,,,,,m,,,,,,,,,,,,,,,,NAD83(CSRS) / UTM zone 14N,,,,,,,,
204,L_2,,,339464.709,5626385.987,0.000,,-101.27655515,50.76700089,0.000,Local,,,,,,m,,,,,,,,,,,,,,,,NAD83(CSRS) / UTM zone 14N,,,,,,,,
205,L_2,,,339464.745,5626383.988,0.000,,-101.27655376,50.76698293,0.000,Local,,,,,,m,,,,,,,,,,,,,,,,NAD83(CSRS) / UTM zone 14N,,,,,,,,
206,L_2,,,339464.779,5626381.989,0.000,,-101.27655241,50.76696498,0.000,Local,,,,,,m,,,,,,,,,,,,,,,,NAD83(CSRS) / UTM zone 14N,,,,,,,,
207,L_2,,,339464.810,5626379.990,0.000,,-101.27655111,50.76694702,0.000,Local,,,,,,m,,,,,,,,,,,,,,,,NAD83(CSRS) / UTM zone 14N,,,,,,,,
208,L_2,,,339464.837,5626377.990,0.000,,-101.27654984,50.76692907,0.000,Local,,,,,,m,,,,,,,,,,,,,,,,NAD83(CSRS) / UTM zone 14N,,,,,,,,
209,L_2,,,339464.863,5626375.991,0.000,,-101.27654861,50.76691111,0.000,Local,,,,,,m,,,,,,,,,,,,,,,,NAD83(CSRS) / UTM zone 14N,,,,,,,,
210,L_2,,,339464.885,5626373.992,0.000,,-101.27654742,50.76689315,0.000,Local,,,,,,m,,,,,,,,,,,,,,,,NAD83(CSRS) / UTM zone 14N,,,,,,,,
211,L_2,,,339464.904,5626371.992,0.000,,-101.27654627,50.76687519,0.000,Local,,,,,,m,,,,,,,,,,,,,,,,NAD83(CSRS) / UTM zone 14N,,,,,,,,
212,L_2,,,339464.921,5626369.993,0.000,,-101.27654516,50.76685723,0.000,Local,,,,,,m,,,,,,,,,,,,,,,,NAD83(CSRS) / UTM zone 14N,,,,,,,,
213,L_2,,,339464.935,5626367.994,0.000,,-101.27654410,50.76683927,0.000,Local,,,,,,m,,,,,,,,,,,,,,,,NAD83(CSRS) / UTM zone 14N,,,,,,,,
214,L_2,,,339464.946,5626365.994,0.000,,-101.27654307,50.76682130,0.000,Local,,,,,,m,,,,,,,,,,,,,,,,NAD83(CSRS) / UTM zone 14N,,,,,,,,
215,L_2,,,339464.954,5626363.995,0.000,,-101.27654208,50.76680334,0.000,Local,,,,,,m,,,,,,,,,,,,,,,,NAD83(CSRS) / UTM zone 14N,,,,,,,,
216,L_2,,,339464.959,5626361.995,0.000,,-101.27654113,50.76678537,0.000,Local,,,,,,m,,,,,,,,,,,,,,,,NAD83(CSRS) / UTM zone 14N,,,,,,,,
217,L_2,,,339464.962,5626359.996,0.000,,-101.27654022,50.76676741,0.000,Local,,,,,,m,,,,,,,,,,,,,,,,NAD83(CSRS) / UTM zone 14N,,,,,,,,
218,L_2,,,339464.962,5626357.997,0.000,,-101.27653935,50.76674944,0.000,Local,,,,,,m,,,,,,,,,,,,,,,,NAD83(CSRS) / UTM zone 14N,,,,,,,,
219,L_2,,,339464.959,5626355.997,0.000,,-101.27653853,50.76673147,0.000,Local,,,,,,m,,,,,,,,,,,,,,,,NAD83(CSRS) / UTM zone 14N,,,,,,,,
220,L_2,,,339464.953,5626353.998,0.000,,-101.27653774,50.76671351,0.000,Local,,,,,,m,,,,,,,,,,,,,,,,NAD83(CSRS) / UTM zone 14N,,,,,,,,
221,L_2,,,339464.944,5626351.998,0.000,,-101.27653699,50.76669554,0.000,Local,,,,,,m,,,,,,,,,,,,,,,,NAD83(CSRS) / UTM zone 14N,,,,,,,,
222,L_2,,,339464.932,5626349.999,0.000,,-101.27653628,50.76667757,0.000,Local,,,,,,m,,,,,,,,,,,,,,,,NAD83(CSRS) / UTM zone 14N,,,,,,,,
223,L_2,,,339464.918,5626348.000,0.000,,-101.27653561,50.76665960,0.000,Local,,,,,,m,,,,,,,,,,,,,,,,NAD83(CSRS) / UTM zone 14N,,,,,,,,
224,L_2,,,339464.901,5626346.000,0.000,,-101.27653498,50.76664163,0.000,Local,,,,,,m,,,,,,,,,,,,,,,,NAD83(CSRS) / UTM zone 14N,,,,,,,,
225,L_2,,,339464.881,5626344.001,0.000,,-101.27653439,50.76662366,0.000,Local,,,,,,m,,,,,,,,,,,,,,,,NAD83(CSRS) / UTM zone 14N,,,,,,,,
226,L_2,,,339464.858,5626342.002,0.000,,-101.27653385,50.76660568,0.000,Local,,,,,,m,,,,,,,,,,,,,,,,NAD83(CSRS) / UTM zone 14N,,,,,,,,
227,L_2,,,339464.832,5626340.002,0.000,,-101.27653334,50.76658771,0.000,Local,,,,,,m,,,,,,,,,,,,,,,,NAD83(CSRS) / UTM zone 14N,,,,,,,,
228,L_3,,,339471.272,5626449.846,0.000,,-101.27649002,50.76757652,0.000,Local,,,,,,m,,,,,,,,,,,,,,,,NAD83(CSRS) / UTM zone 14N,,,,,,,,
229,L_3,,,339471.446,5626447.854,0.000,,-101.27648668,50.76755867,0.000,Local,,,,,,m,,,,,,,,,,,,,,,,NAD83(CSRS) / UTM zone 14N,,,,,,,,
230,L_3,,,339471.617,5626445.862,0.000,,-101.27648339,50.76754082,0.000,Local,,,,,,m,,,,,,,,,,,,,,,,NAD83(CSRS) / UTM zone 14N,,,,,,,,
231,L_3,,,339471.785,5626443.869,0.000,,-101.27648014,50.76752296,0.000,Local,,,,,,m,,,,,,,,,,,,,,,,NAD83(CSRS) / UTM zone 14N,,,,,,,,
232,L_3,,,339471.949,5626441.876,0.000,,-101.27647694,50.76750510,0.000,Local,,,,,,m,,,,,,,,,,,,,,,,NAD83(CSRS) / UTM zone 14N,,,,,,,,
233,L_3,,,339472.110,5626439.883,0.000,,-101.27647379,50.76748723,0.000,Local,,,,,,m,,,,,,,,,,,,,,,,NAD83(CSRS) / UTM zone 14N,,,,,,,,
234,L_3,,,339472.268,5626437.890,0.000,,-101.27647069,50.76746936,0.000,Local,,,,,,m,,,,,,,,,,,,,,,,NAD83(CSRS) / UTM zone 14N,,,,,,,,
235,L_3,,,339472.422,5626435.896,0.000,,-101.27646763,50.76745149,0.000,Local,,,,,,m,,,,,,,,,,,,,,,,NAD83(CSRS) / UTM zone 14N,,,,,,,,
236,L_3,,,339472.573,5626433.902,0.000,,-101.27646463,50.76743361,0.000,Local,,,,,,m,,,,,,,,,,,,,,,,NAD83(CSRS) / UTM zone 14N,,,,,,,,
237,L_3,,,339472.720,5626431.908,0.000,,-101.27646167,50.76741574,0.000,Local,,,,,,m,,,,,,,,,,,,,,,,NAD83(CSRS) / UTM zone 14N,,,,,,,,
238,L_3,,,339472.864,5626429.913,0.000,,-101.27645876,50.76739786,0.000,Local,,,,,,m,,,,,,,,,,,,,,,,NAD83(CSRS) / UTM zone 14N,,,,,,,,
239,L_3,,,339473.005,5626427.919,0.000,,-101.27645589,50.76737997,0.000,Local,,,,,,m,,,,,,,,,,,,,,,,NAD83(CSRS) / UTM zone 14N,,,,,,,,
240,L_3,,,339473.143,5626425.924,0.000,,-101.27645307,50.76736208,0.000,Local,,,,,,m,,,,,,,,,,,,,,,,NAD83(CSRS) / UTM zone 14N,,,,,,,,
241,L_3,,,339473.277,5626423.929,0.000,,-101.27645030,50.76734419,0.000,Local,,,,,,m,,,,,,,,,,,,,,,,NAD83(CSRS) / UTM zone 14N,,,,,,,,
242,L_3,,,339473.407,5626421.933,0.000,,-101.27644758,50.76732630,0.000,Local,,,,,,m,,,,,,,,,,,,,,,,NAD83(CSRS) / UTM zone 14N,,,,,,,,
243,L_3,,,339473.534,5626419.938,0.000,,-101.27644491,50.76730840,0.000,Local,,,,,,m,,,,,,,,,,,,,,,,NAD83(CSRS) / UTM zone 14N,,,,,,,,
244,L_3,,,339473.658,5626417.942,0.000,,-101.27644228,50.76729050,0.000,Local,,,,,,m,,,,,,,,,,,,,,,,NAD83(CSRS) / UTM zone 14N,,,,,,,,
245,L_3,,,339473.779,5626415.946,0.000,,-101.27643971,50.76727260,0.000,Local,,,,,,m,,,,,,,,,,,,,,,,NAD83(CSRS) / UTM zone 14N,,,,,,,,
246,L_3,,,339473.896,5626413.950,0.000,,-101.27643718,50.76725470,0.000,Local,,,,,,m,,,,,,,,,,,,,,,,NAD83(CSRS) / UTM zone 14N,,,,,,,,
247,L_3,,,339474.010,5626411.954,0.000,,-101.27643469,50.76723679,0.000,Local,,,,,,m,,,,,,,,,,,,,,,,NAD83(CSRS) / UTM zone 14N,,,,,,,,
248,L_3,,,339474.120,5626409.957,0.000,,-101.27643226,50.76721888,0.000,Local,,,,,,m,,,,,,,,,,,,,,,,NAD83(CSRS) / UTM zone 14N,,,,,,,,
249,L_3,,,339474.227,5626407.960,0.000,,-101.27642987,50.76720097,0.000,Local,,,,,,m,,,,,,,,,,,,,,,,NAD83(CSRS) / UTM zone 14N,,,,,,,,
250,L_3,,,339474.331,5626405.963,0.000,,-101.27642753,50.76718305,0.000,Local,,,,,,m,,,,,,,,,,,,,,,,NAD83(CSRS) / UTM zone 14N,,,,,,,,
251,L_3,,,339474.431,5626403.966,0.000,,-101.27642524,50.76716513,0.000,Local,,,,,,m,,,,,,,,,,,,,,,,NAD83(CSRS) / UTM zone 14N,,,,,,,,
252,L_3,,,339474.528,5626401.969,0.000,,-101.27642300,50.76714721,0.000,Local,,,,,,m,,,,,,,,,,,,,,,,NAD83(CSRS) / UTM zone 14N,,,,,,,,
253,L_3,,,339474.621,5626399.972,0.000,,-101.27642080,50.76712929,0.000,Local,,,,,,m,,,,,,,,,,,,,,,,NAD83(CSRS) / UTM zone 14N,,,,,,,,
254,L_3,,,339474.711,5626397.974,0.000,,-101.27641865,50.76711137,0.000,Local,,,,,,m,,,,,,,,,,,,,,,,NAD83(CSRS) / UTM zone 14N,,,,,,,,
255,L_3,,,339474.798,5626395.976,0.000,,-101.27641655,50.76709344,0.000,Local,,,,,,m,,,,,,,,,,,,,,,,NAD83(CSRS) / UTM zone 14N,,,,,,,,
256,L_3,,,339474.881,5626393.978,0.000,,-101.27641450,50.76707551,0.000,Local,,,,,,m,,,,,,,,,,,,,,,,NAD83(CSRS) / UTM zone 14N,,,,,,,,
257,L_3,,,339474.961,5626391.980,0.000,,-101.27641249,50.76705758,0.000,Local,,,,,,m,,,,,,,,,,,,,,,,NAD83(CSRS) / UTM zone 14N,,,,,,,,
258,L_3,,,339475.038,5626389.982,0.000,,-101.27641054,50.76703964,0.000,Local,,,,,,m,,,,,,,,,,,,,,,,NAD83(CSRS) / UTM zone 14N,,,,,,,,
259,L_3,,,339475.111,5626387.984,0.000,,-101.27640863,50.76702171,0.000,Local,,,,,,m,,,,,,,,,,,,,,,,NAD83(CSRS) / UTM zone 14N,,,,,,,,
260,L_3,,,339475.181,5626385.986,0.000,,-101.27640677,50.76700377,0.000,Local,,,,,,m,,,,,,,,,,,,,,,,NAD83(CSRS) / UTM zone 14N,,,,,,,,
261,L_3,,,339475.248,5626383.987,0.000,,-101.27640495,50.76698583,0.000,Local,,,,,,m,,,,,,,,,,,,,,,,NAD83(CSRS) / UTM zone 14N,,,,,,,,
262,L_3,,,339475.311,5626381.988,0.000,,-101.27640319,50.76696789,0.000,Local,,,,,,m,,,,,,,,,,,,,,,,NAD83(CSRS) / UTM zone 14N,,,,,,,,
263,L_3,,,339475.370,5626379.990,0.000,,-101.27640147,50.76694995,0.000,Local,,,,,,m,,,,,,,,,,,,,,,,NAD83(CSRS) / UTM zone 14N,,,,,,,,
264,L_3,,,339475.427,5626377.991,0.000,,-101.27639980,50.76693200,0.000,Local,,,,,,m,,,,,,,,,,,,,,,,NAD83(CSRS) / UTM zone 14N,,,,,,,,
265,L_3,,,339475.480,5626375.992,0.000,,-101.27639818,50.76691405,0.000,Local,,,,,,m,,,,,,,,,,,,,,,,NAD83(CSRS) / UTM zone 14N,,,,,,,,
266,L_3,,,339475.529,5626373.993,0.000,,-101.27639660,50.76689610,0.000,Local,,,,,,m,,,,,,,,,,,,,,,,NAD83(CSRS) / UTM zone 14N,,,,,,,,
267,L_3,,,339475.575,5626371.994,0.000,,-101.27639507,50.76687815,0.000,Local,,,,,,m,,,,,,,,,,,,,,,,NAD83(CSRS) / UTM zone 14N,,,,,,,,
268,L_3,,,339475.618,5626369.995,0.000,,-101.27639360,50.76686020,0.000,Local,,,,,,m,,,,,,,,,,,,,,,,NAD83(CSRS) / UTM zone 14N,,,,,,,,
269,L_3,,,339475.658,5626367.996,0.000,,-101.27639217,50.76684225,0.000,Local,,,,,,m,,,,,,,,,,,,,,,,NAD83(CSRS) / UTM zone 14N,,,,,,,,
270,L_3,,,339475.694,5626365.996,0.000,,-101.27639078,50.76682429,0.000,Local,,,,,,m,,,,,,,,,,,,,,,,NAD83(CSRS) / UTM zone 14N,,,,,,,,
271,L_3,,,339475.726,5626363.997,0.000,,-101.27638945,50.76680634,0.000,Local,,,,,,m,,,,,,,,,,,,,,,,NAD83(CSRS) / UTM zone 14N,,,,,,,,
272,L_3,,,339475.756,5626361.997,0.000,,-101.27638816,50.76678838,0.000,Local,,,,,,m,,,,,,,,,,,,,,,,NAD83(CSRS) / UTM zone 14N,,,,,,,,
273,L_3,,,339475.781,5626359.998,0.000,,-101.27638692,50.76677042,0.000,Local,,,,,,m,,,,,,,,,,,,,,,,NAD83(CSRS) / UTM zone 14N,,,,,,,,
274,L_3,,,339475.804,5626357.999,0.000,,-101.27638573,50.76675246,0.000,Local,,,,,,m,,,,,,,,,,,,,,,,NAD83(CSRS) / UTM zone 14N,,,,,,,,
275,L_3,,,339475.823,5626355.999,0.000,,-101.27638459,50.76673450,0.000,Local,,,,,,m,,,,,,,,,,,,,,,,NAD83(CSRS) / UTM zone 14N,,,,,,,,
276,L_3,,,339475.839,5626353.999,0.000,,-101.27638349,50.76671653,0.000,Local,,,,,,m,,,,,,,,,,,,,,,,NAD83(CSRS) / UTM zone 14N,,,,,,,,
277,L_3,,,339475.851,5626352.000,0.000,,-101.27638244,50.76669857,0.000,Local,,,,,,m,,,,,,,,,,,,,,,,NAD83(CSRS) / UTM zone 14N,,,,,,,,
278,L_3,,,339475.860,5626350.000,0.000,,-101.27638144,50.76668060,0.000,Local,,,,,,m,,,,,,,,,,,,,,,,NAD83(CSRS) / UTM zone 14N,,,,,,,,
279,L_3,,,339475.866,5626348.001,0.000,,-101.27638049,50.76666264,0.000,Local,,,,,,m,,,,,,,,,,,,,,,,NAD83(CSRS) / UTM zone 14N,,,,,,,,
280,L_3,,,339475.868,5626346.001,0.000,,-101.27637959,50.76664467,0.000,Local,,,,,,m,,,,,,,,,,,,,,,,NAD83(CSRS) / UTM zone 14N,,,,,,,,
281,L_3,,,339475.867,5626344.002,0.000,,-101.27637873,50.76662670,0.000,Local,,,,,,m,,,,,,,,,,,,,,,,NAD83(CSRS) / UTM zone 14N,,,,,,,,
282,L_3,,,339475.862,5626342.002,0.000,,-101.27637792,50.76660873,0.000,Local,,,,,,m,,,,,,,,,,,,,,,,NAD83(CSRS) / UTM zone 14N,,,,,,,,
283,L_3,,,339475.855,5626340.002,0.000,,-101.27637716,50.76659076,0.000,Local,,,,,,m,,,,,,,,,,,,,,,,NAD83(CSRS) / UTM zone 14N,,,,,,,,
284,L_4,,,339449.177,5626578.768,0.000,,-101.27685935,50.76872887,0.000,Local,,,,,,m,,,,,,,,,,,,,,,,NAD83(CSRS) / UTM zone 14N,,,,,,,,
285,L_4,,,339449.798,5626576.878,0.000,,-101.27684972,50.76871206,0.000,Local,,,,,,m,,,,,,,,,,,,,,,,NAD83(CSRS) / UTM zone 14N,,,,,,,,
286,L_4,,,339450.411,5626574.986,0.000,,-101.27684020,50.76869522,0.000,Local,,,,,,m,,,,,,,,,,,,,,,,NAD83(CSRS) / UTM zone 14N,,,,,,,,
287,L_4,,,339451.016,5626573.090,0.000,,-101.27683081,50.76867836,0.000,Local,,,,,,m,,,,,,,,,,,,,,,,NAD83(CSRS) / UTM zone 14N,,,,,,,,
288,L_4,,,339451.612,5626571.192,0.000,,-101.27682154,50.76866147,0.000,Local,,,,,,m,,,,,,,,,,,,,,,,NAD83(CSRS) / UTM zone 14N,,,,,,,,
289,L_4,,,339452.199,5626569.292,0.000,,-101.27681239,50.76864455,0.000,Local,,,,,,m,,,,,,,,,,,,,,,,NAD83(CSRS) / UTM zone 14N,,,,,,,,
290,L_4,,,339452.777,5626567.388,0.000,,-101.27680336,50.76862761,0.000,Local,,,,,,m,,,,,,,,,,,,,,,,NAD83(CSRS) / UTM zone 14N,,,,,,,,
291,L_4,,,339453.347,5626565.482,0.000,,-101.27679446,50.76861064,0.000,Local,,,,,,m,,,,,,,,,,,,,,,,NAD83(CSRS) / UTM zone 14N,,,,,,,,
292,L_4,,,339453.908,5626563.574,0.000,,-101.27678567,50.76859365,0.000,Local,,,,,,m,,,,,,,,,,,,,,,,NAD83(CSRS) / UTM zone 14N,,,,,,,,
293,L_4,,,339454.461,5626561.663,0.000,,-101.27677701,50.76857663,0.000,Local,,,,,,m,,,,,,,,,,,,,,,,NAD83(CSRS) / UTM zone 14N,,,,,,,,
294,L_4,,,339455.004,5626559.749,0.000,,-101.27676847,50.76855958,0.000,Local,,,,,,m,,,,,,,,,,,,,,,,NAD83(CSRS) / UTM zone 14N,,,,,,,,
295,L_4,,,339455.539,5626557.833,0.000,,-101.27676006,50.76854251,0.000,Local,,,,,,m,,,,,,,,,,,,,,,,NAD83(CSRS) / UTM zone 14N,,,,,,,,
296,L_4,,,339456.066,5626555.914,0.000,,-101.27675176,50.76852542,0.000,Local,,,,,,m,,,,,,,,,,,,,,,,NAD83(CSRS) / UTM zone 14N,,,,,,,,
297,L_4,,,339456.583,5626553.994,0.000,,-101.27674359,50.76850830,0.000,Local,,,,,,m,,,,,,,,,,,,,,,,NAD83(CSRS) / UTM zone 14N,,,,,,,,
298,L_4,,,339457.092,5626552.070,0.000,,-101.27673555,50.76849116,0.000,Local,,,,,,m,,,,,,,,,,,,,,,,NAD83(CSRS) / UTM zone 14N,,,,,,,,
299,L_4,,,339457.592,5626550.145,0.000,,-101.27672762,50.76847400,0.000,Local,,,,,,m,,,,,,,,,,,,,,,,NAD83(CSRS) / UTM zone 14N,,,,,,,,
300,L_4,,,339458.083,5626548.217,0.000,,-101.27671982,50.76845681,0.000,Local,,,,,,m,,,,,,,,,,,,,,,,NAD83(CSRS) / UTM zone 14N,,,,,,,,
301,L_4,,,339458.565,5626546.287,0.000,,-101.27671214,50.76843960,0.000,Local,,,,,,m,,,,,,,,,,,,,,,,NAD83(CSRS) / UTM zone 14N,,,,,,,,
302,L_4,,,339459.039,5626544.355,0.000,,-101.27670459,50.76842237,0.000,Local,,,,,,m,,,,,,,,,,,,,,,,NAD83(CSRS) / UTM zone 14N,,,,,,,,
303,L_4,,,339459.504,5626542.421,0.000,,-101.27669716,50.76840512,0.000,Local,,,,,,m,,,,,,,,,,,,,,,,NAD83(CSRS) / UTM zone 14N,,,,,,,,
304,L_4,,,339459.960,5626540.484,0.000,,-101.27668985,50.76838785,0.000,Local,,,,,,m,,,,,,,,,,,,,,,,NAD83(CSRS) / UTM zone 14N,,,,,,,,
305,L_4,,,339460.407,5626538.546,0.000,,-101.27668267,50.76837055,0.000,Local,,,,,,m,,,,,,,,,,,,,,,,NAD83(CSRS) / UTM zone 14N,,,,,,,,
306,L_4,,,339460.845,5626536.606,0.000,,-101.27667562,50.76835324,0.000,Local,,,,,,m,,,,,,,,,,,,,,,,NAD83(CSRS) / UTM zone 14N,,,,,,,,
307,L_4,,,339461.274,5626534.663,0.000,,-101.27666868,50.76833590,0.000,Local,,,,,,m,,,,,,,,,,,,,,,,NAD83(CSRS) / UTM zone 14N,,,,,,,,
308,L_4,,,339461.695,5626532.719,0.000,,-101.27666188,50.76831855,0.000,Local,,,,,,m,,,,,,,,,,,,,,,,NAD83(CSRS) / UTM zone 14N,,,,,,,,
309,L_4,,,339462.107,5626530.773,0.000,,-101.27665519,50.76830117,0.000,Local,,,,,,m,,,,,,,,,,,,,,,,NAD83(CSRS) / UTM zone 14N,,,,,,,,
310,L_4,,,339462.510,5626528.824,0.000,,-101.27664863,50.76828378,0.000,Local,,,,,,m,,,,,,,,,,,,,,,,NAD83(CSRS) / UTM zone 14N,,,,,,,,
311,L_4,,,339462.904,5626526.874,0.000,,-101.27664220,50.76826637,0.000,Local,,,,,,m,,,,,,,,,,,,,,,,NAD83(CSRS) / UTM zone 14N,,,,,,,,
312,L_4,,,339463.289,5626524.923,0.000,,-101.27663589,50.76824894,0.000,Local,,,,,,m,,,,,,,,,,,,,,,,NAD83(CSRS) / UTM zone 14N,,,,,,,,
313,L_4,,,339463.665,5626522.969,0.000,,-101.27662971,50.76823149,0.000,Local,,,,,,m,,,,,,,,,,,,,,,,NAD83(CSRS) / UTM zone 14N,,,,,,,,
314,L_4,,,339464.032,5626521.014,0.000,,-101.27662365,50.76821402,0.000,Local,,,,,,m,,,,,,,,,,,,,,,,NAD83(CSRS) / UTM zone 14N,,,,,,,,
315,L_4,,,339464.390,5626519.057,0.000,,-101.27661772,50.76819654,0.000,Local,,,,,,m,,,,,,,,,,,,,,,,NAD83(CSRS) / UTM zone 14N,,,,,,,,
316,L_4,,,339464.740,5626517.099,0.000,,-101.27661192,50.76817903,0.000,Local,,,,,,m,,,,,,,,,,,,,,,,NAD83(CSRS) / UTM zone 14N,,,,,,,,
317,L_4,,,339465.080,5626515.139,0.000,,-101.27660624,50.76816152,0.000,Local,,,,,,m,,,,,,,,,,,,,,,,NAD83(CSRS) / UTM zone 14N,,,,,,,,
318,L_4,,,339465.412,5626513.178,0.000,,-101.27660068,50.76814398,0.000,Local,,,,,,m,,,,,,,,,,,,,,,,NAD83(CSRS) / UTM zone 14N,,,,,,,,
319,L_4,,,339465.735,5626511.215,0.000,,-101.27659525,50.76812643,0.000,Local,,,,,,m,,,,,,,,,,,,,,,,NAD83(CSRS) / UTM zone 14N,,,,,,,,
320,L_4,,,339466.048,5626509.250,0.000,,-101.27658995,50.76810887,0.000,Local,,,,,,m,,,,,,,,,,,,,,,,NAD83(CSRS) / UTM zone 14N,,,,,,,,
321,L_4,,,339466.353,5626507.284,0.000,,-101.27658478,50.76809129,0.000,Local,,,,,,m,,,,,,,,,,,,,,,,NAD83(CSRS) / UTM zone 14N,,,,,,,,
322,L_4,,,339466.649,5626505.317,0.000,,-101.27657973,50.76807369,0.000,Local,,,,,,m,,,,,,,,,,,,,,,,NAD83(CSRS) / UTM zone 14N,,,,,,,,
323,L_4,,,339466.935,5626503.348,0.000,,-101.27657481,50.76805608,0.000,Local,,,,,,m,,,,,,,,,,,,,,,,NAD83(CSRS) / UTM zone 14N,,,,,,,,
324,L_4,,,339467.213,5626501.379,0.000,,-101.27657001,50.76803846,0.000,Local,,,,,,m,,,,,,,,,,,,,,,,NAD83(CSRS) / UTM zone 14N,,,,,,,,
325,L_4,,,339467.482,5626499.408,0.000,,-101.27656534,50.76802082,0.000,Local,,,,,,m,,,,,,,,,,,,,,,,NAD83(CSRS) / UTM zone 14N,,,,,,,,
326,L_4,,,339467.742,5626497.435,0.000,,-101.27656080,50.76800317,0.000,Local,,,,,,m,,,,,,,,,,,,,,,,NAD83(CSRS) / UTM zone 14N,,,,,,,,
327,L_4,,,339467.993,5626495.462,0.000,,-101.27655638,50.76798551,0.000,Local,,,,,,m,,,,,,,,,,,,,,,,NAD83(CSRS) / UTM zone 14N,,,,,,,,
328,L_4,,,339468.235,5626493.487,0.000,,-101.27655209,50.76796783,0.000,Local,,,,,,m,,,,,,,,,,,,,,,,NAD83(CSRS) / UTM zone 14N,,,,,,,,
329,L_4,,,339468.468,5626491.512,0.000,,-101.27654793,50.76795014,0.000,Local,,,,,,m,,,,,,,,,,,,,,,,NAD83(CSRS) / UTM zone 14N,,,,,,,,
330,L_4,,,339468.691,5626489.535,0.000,,-101.27654390,50.76793244,0.000,Local,,,,,,m,,,,,,,,,,,,,,,,NAD83(CSRS) / UTM zone 14N,,,,,,,,
331,L_4,,,339468.906,5626487.557,0.000,,-101.27653999,50.76791473,0.000,Local,,,,,,m,,,,,,,,,,,,,,,,NAD83(CSRS) / UTM zone 14N,,,,,,,,
332,L_4,,,339469.112,5626485.579,0.000,,-101.27653621,50.76789701,0.000,Local,,,,,,m,,,,,,,,,,,,,,,,NAD83(CSRS) / UTM zone 14N,,,,,,,,
333,L_4,,,339469.309,5626483.599,0.000,,-101.27653256,50.76787928,0.000,Local,,,,,,m,,,,,,,,,,,,,,,,NAD83(CSRS) / UTM zone 14N,,,,,,,,
334,L_4,,,339469.497,5626481.619,0.000,,-101.27652903,50.76786153,0.000,Local,,,,,,m,,,,,,,,,,,,,,,,NAD83(CSRS) / UTM zone 14N,,,,,,,,
335,L_4,,,339469.676,5626479.637,0.000,,-101.27652564,50.76784378,0.000,Local,,,,,,m,,,,,,,,,,,,,,,,NAD83(CSRS) / UTM zone 14N,,,,,,,,
336,L_4,,,339469.845,5626477.655,0.000,,-101.27652237,50.76782601,0.000,Local,,,,,,m,,,,,,,,,,,,,,,,NAD83(CSRS) / UTM zone 14N,,,,,,,,
337,L_4,,,339470.006,5626475.672,0.000,,-101.27651922,50.76780824,0.000,Local,,,,,,m,,,,,,,,,,,,,,,,NAD83(CSRS) / UTM zone 14N,,,,,,,,
338,L_4,,,339470.158,5626473.689,0.000,,-101.27651621,50.76779046,0.000,Local,,,,,,m,,,,,,,,,,,,,,,,NAD83(CSRS) / UTM zone 14N,,,,,,,,
339,L_4,,,339470.300,5626471.705,0.000,,-101.27651332,50.76777267,0.000,Local,,,,,,m,,,,,,,,,,,,,,,,NAD83(CSRS) / UTM zone 14N,,,,,,,,
340,L_4,,,339470.434,5626469.720,0.000,,-101.27651056,50.76775487,0.000,Local,,,,,,m,,,,,,,,,,,,,,,,NAD83(CSRS) / UTM zone 14N,,,,,,,,
341,L_4,,,339470.558,5626467.734,0.000,,-101.27650793,50.76773707,0.000,Local,,,,,,m,,,,,,,,,,,,,,,,NAD83(CSRS) / UTM zone 14N,,,,,,,,
342,L_4,,,339470.674,5626465.748,0.000,,-101.27650543,50.76771925,0.000,Local,,,,,,m,,,,,,,,,,,,,,,,NAD83(CSRS) / UTM zone 14N,,,,,,,,
343,L_4,,,339470.780,5626463.762,0.000,,-101.27650306,50.76770143,0.000,Local,,,,,,m,,,,,,,,,,,,,,,,NAD83(CSRS) / UTM zone 14N,,,,,,,,
344,L_4,,,339470.878,5626461.775,0.000,,-101.27650081,50.76768360,0.000,Local,,,,,,m,,,,,,,,,,,,,,,,NAD83(CSRS) / UTM zone 14N,,,,,,,,
345,L_4,,,339470.966,5626459.788,0.000,,-101.27649869,50.76766577,0.000,Local,,,,,,m,,,,,,,,,,,,,,,,NAD83(CSRS) / UTM zone 14N,,,,,,,,
346,L_4,,,339471.045,5626457.800,0.000,,-101.27649670,50.76764793,0.000,Local,,,,,,m,,,,,,,,,,,,,,,,NAD83(CSRS) / UTM zone 14N,,,,,,,,
347,L_4,,,339471.115,5626455.812,0.000,,-101.27649484,50.76763009,0.000,Local,,,,,,m,,,,,,,,,,,,,,,,NAD83(CSRS) / UTM zone 14N,,,,,,,,
348,L_4,,,339471.177,5626453.823,0.000,,-101.27649310,50.76761224,0.000,Local,,,,,,m,,,,,,,,,,,,,,,,NAD83(CSRS) / UTM zone 14N,,,,,,,,
349,L_4,,,339471.229,5626451.835,0.000,,-101.27649150,50.76759438,0.000,Local,,,,,,m,,,,,,,,,,,,,,,,NAD83(CSRS) / UTM zone 14N,,,,,,,,
350,L_4,,,339471.272,5626449.846,0.000,,-101.27649002,50.76757652,0.000,Local,,,,,,m,,,,,,,,,,,,,,,,NAD83(CSRS) / UTM zone 14N,,,,,,,,
351,L_5,,,339439.441,5626578.767,0.000,,-101.27699730,50.76872617,0.000,Local,,,,,,m,,,,,,,,,,,,,,,,NAD83(CSRS) / UTM zone 14N,,,,,,,,
352,L_5,,,339440.063,5626576.908,0.000,,-101.27698768,50.76870963,0.000,Local,,,,,,m,,,,,,,,,,,,,,,,NAD83(CSRS) / UTM zone 14N,,,,,,,,
353,L_5,,,339440.676,5626575.045,0.000,,-101.27697818,50.76869307,0.000,Local,,,,,,m,,,,,,,,,,,,,,,,NAD83(CSRS) / UTM zone 14N,,,,,,,,
354,L_5,,,339441.281,5626573.180,0.000,,-101.27696880,50.76867647,0.000,Local,,,,,,m,,,,,,,,,,,,,,,,NAD83(CSRS) / UTM zone 14N,,,,,,,,
355,L_5,,,339441.877,5626571.312,0.000,,-101.27695953,50.76865986,0.000,Local,,,,,,m,,,,,,,,,,,,,,,,NAD83(CSRS) / UTM zone 14N,,,,,,,,
356,L_5,,,339442.465,5626569.442,0.000,,-101.27695038,50.76864321,0.000,Local,,,,,,m,,,,,,,,,,,,,,,,NAD83(CSRS) / UTM zone 14N,,,,,,,,
357,L_5,,,339443.045,5626567.569,0.000,,-101.27694135,50.76862654,0.000,Local,,,,,,m,,,,,,,,,,,,,,,,NAD83(CSRS) / UTM zone 14N,,,,,,,,
358,L_5,,,339443.616,5626565.693,0.000,,-101.27693244,50.76860984,0.000,Local,,,,,,m,,,,,,,,,,,,,,,,NAD83(CSRS) / UTM zone 14N,,,,,,,,
359,L_5,,,339444.179,5626563.815,0.000,,-101.27692365,50.76859312,0.000,Local,,,,,,m,,,,,,,,,,,,,,,,NAD83(CSRS) / UTM zone 14N,,,,,,,,
360,L_5,,,339444.733,5626561.934,0.000,,-101.27691497,50.76857637,0.000,Local,,,,,,m,,,,,,,,,,,,,,,,NAD83(CSRS) / UTM zone 14N,,,,,,,,
361,L_5,,,339445.279,5626560.050,0.000,,-101.27690641,50.76855960,0.000,Local,,,,,,m,,,,,,,,,,,,,,,,NAD83(CSRS) / UTM zone 14N,,,,,,,,
362,L_5,,,339445.816,5626558.165,0.000,,-101.27689798,50.76854280,0.000,Local,,,,,,m,,,,,,,,,,,,,,,,NAD83(CSRS) / UTM zone 14N,,,,,,,,
363,L_5,,,339446.345,5626556.277,0.000,,-101.27688966,50.76852599,0.000,Local,,,,,,m,,,,,,,,,,,,,,,,NAD83(CSRS) / UTM zone 14N,,,,,,,,
364,L_5,,,339446.865,5626554.386,0.000,,-101.27688146,50.76850914,0.000,Local,,,,,,m,,,,,,,,,,,,,,,,NAD83(CSRS) / UTM zone 14N,,,,,,,,
365,L_5,,,339447.377,5626552.493,0.000,,-101.27687338,50.76849228,0.000,Local,,,,,,m,,,,,,,,,,,,,,,,NAD83(CSRS) / UTM zone 14N,,,,,,,,
366,L_5,,,339447.881,5626550.598,0.000,,-101.27686542,50.76847539,0.000,Local,,,,,,m,,,,,,,,,,,,,,,,NAD83(CSRS) / UTM zone 14N,,,,,,,,
367,L_5,,,339448.376,5626548.701,0.000,,-101.27685758,50.76845848,0.000,Local,,,,,,m,,,,,,,,,,,,,,,,NAD83(CSRS) / UTM zone 14N,,,,,,,,
368,L_5,,,339448.862,5626546.802,0.000,,-101.27684986,50.76844154,0.000,Local,,,,,,m,,,,,,,,,,,,,,,,NAD83(CSRS) / UTM zone 14N,,,,,,,,
369,L_5,,,339449.340,5626544.900,0.000,,-101.27684226,50.76842459,0.000,Local,,,,,,m,,,,,,,,,,,,,,,,NAD83(CSRS) / UTM zone 14N,,,,,,,,
370,L_5,,,339449.809,5626542.996,0.000,,-101.27683478,50.76840761,0.000,Local,,,,,,m,,,,,,,,,,,,,,,,NAD83(CSRS) / UTM zone 14N,,,,,,,,
371,L_5,,,339450.270,5626541.090,0.000,,-101.27682742,50.76839061,0.000,Local,,,,,,m,,,,,,,,,,,,,,,,NAD83(CSRS) / UTM zone 14N,,,,,,,,
372,L_5,,,339450.722,5626539.182,0.000,,-101.27682018,50.76837359,0.000,Local,,,,,,m,,,,,,,,,,,,,,,,NAD83(CSRS) / UTM zone 14N,,,,,,,,
373,L_5,,,339451.166,5626537.272,0.000,,-101.27681306,50.76835655,0.000,Local,,,,,,m,,,,,,,,,,,,,,,,NAD83(CSRS) / UTM zone 14N,,,,,,,,
374,L_5,,,339451.601,5626535.360,0.000,,-101.27680606,50.76833949,0.000,Local,,,,,,m,,,,,,,,,,,,,,,,NAD83(CSRS) / UTM zone 14N,,,,,,,,
375,L_5,,,339452.027,5626533.447,0.000,,-101.27679918,50.76832241,0.000,Local,,,,,,m,,,,,,,,,,,,,,,,NAD83(CSRS) / UTM zone 14N,,,,,,,,
376,L_5,,,339452.445,5626531.531,0.000,,-101.27679242,50.76830531,0.000,Local,,,,,,m,,,,,,,,,,,,,,,,NAD83(CSRS) / UTM zone 14N,,,,,,,,
377,L_5,,,339452.854,5626529.613,0.000,,-101.27678579,50.76828820,0.000,Local,,,,,,m,,,,,,,,,,,,,,,,NAD83(CSRS) / UTM zone 14N,,,,,,,,
378,L_5,,,339453.255,5626527.694,0.000,,-101.27677928,50.76827106,0.000,Local,,,,,,m,,,,,,,,,,,,,,,,NAD83(CSRS) / UTM zone 14N,,,,,,,,
379,L_5,,,339453.647,5626525.773,0.000,,-101.27677288,50.76825390,0.000,Local,,,,,,m,,,,,,,,,,,,,,,,NAD83(CSRS) / UTM zone 14N,,,,,,,,
380,L_5,,,339454.030,5626523.850,0.000,,-101.27676661,50.76823673,0.000,Local,,,,,,m,,,,,,,,,,,,,,,,NAD83(CSRS) / UTM zone 14N,,,,,,,,
381,L_5,,,339454.405,5626521.925,0.000,,-101.27676046,50.76821954,0.000,Local,,,,,,m,,,,,,,,,,,,,,,,NAD83(CSRS) / UTM zone 14N,,,,,,,,
382,L_5,,,339454.771,5626519.999,0.000,,-101.27675444,50.76820233,0.000,Local,,,,,,m,,,,,,,,,,,,,,,,NAD83(CSRS) / UTM zone 14N,,,,,,,,
383,L_5,,,339455.128,5626518.071,0.000,,-101.27674853,50.76818511,0.000,Local,,,,,,m,,,,,,,,,,,,,,,,NAD83(CSRS) / UTM zone 14N,,,,,,,,
384,L_5,,,339455.477,5626516.141,0.000,,-101.27674275,50.76816787,0.000,Local,,,,,,m,,,,,,,,,,,,,,,,NAD83(CSRS) / UTM zone 14N,,,,,,,,
385,L_5,,,339455.817,5626514.210,0.000,,-101.27673709,50.76815061,0.000,Local,,,,,,m,,,,,,,,,,,,,,,,NAD83(CSRS) / UTM zone 14N,,,,,,,,
386,L_5,,,339456.148,5626512.278,0.000,,-101.27673155,50.76813333,0.000,Local,,,,,,m,,,,,,,,,,,,,,,,NAD83(CSRS) / UTM zone 14N,,,,,,,,
387,L_5,,,339456.471,5626510.344,0.000,,-101.27672613,50.76811604,0.000,Local,,,,,,m,,,,,,,,,,,,,,,,NAD83(CSRS) / UTM zone 14N,,,,,,,,
388,L_5,,,339456.785,5626508.408,0.000,,-101.27672084,50.76809874,0.000,Local,,,,,,m,,,,,,,,,,,,,,,,NAD83(CSRS) / UTM zone 14N,,,,,,,,
389,L_5,,,339457.091,5626506.471,0.000,,-101.27671567,50.76808142,0.000,Local,,,,,,m,,,,,,,,,,,,,,,,NAD83(CSRS) / UTM zone 14N,,,,,,,,
390,L_5,,,339457.387,5626504.533,0.000,,-101.27671062,50.76806409,0.000,Local,,,,,,m,,,,,,,,,,,,,,,,NAD83(CSRS) / UTM zone 14N,,,,,,,,
391,L_5,,,339457.675,5626502.593,0.000,,-101.27670569,50.76804674,0.000,Local,,,,,,m,,,,,,,,,,,,,,,,NAD83(CSRS) / UTM zone 14N,,,,,,,,
392,L_5,,,339457.954,5626500.653,0.000,,-101.27670089,50.76802937,0.000,Local,,,,,,m,,,,,,,,,,,,,,,,NAD83(CSRS) / UTM zone 14N,,,,,,,,
393,L_5,,,339458.225,5626498.711,0.000,,-101.27669621,50.76801200,0.000,Local,,,,,,m,,,,,,,,,,,,,,,,NAD83(CSRS) / UTM zone 14N,,,,,,,,
394,L_5,,,339458.486,5626496.767,0.000,,-101.27669165,50.76799461,0.000,Local,,,,,,m,,,,,,,,,,,,,,,,NAD83(CSRS) / UTM zone 14N,,,,,,,,
395,L_5,,,339458.739,5626494.823,0.000,,-101.27668722,50.76797721,0.000,Local,,,,,,m,,,,,,,,,,,,,,,,NAD83(CSRS) / UTM zone 14N,,,,,,,,
396,L_5,,,339458.984,5626492.877,0.000,,-101.27668291,50.76795979,0.000,Local,,,,,,m,,,,,,,,,,,,,,,,NAD83(CSRS) / UTM zone 14N,,,,,,,,
397,L_5,,,339459.219,5626490.931,0.000,,-101.27667872,50.76794237,0.000,Local,,,,,,m,,,,,,,,,,,,,,,,NAD83(CSRS) / UTM zone 14N,,,,,,,,
398,L_5,,,339459.446,5626488.983,0.000,,-101.27667466,50.76792493,0.000,Local,,,,,,m,,,,,,,,,,,,,,,,NAD83(CSRS) / UTM zone 14N,,,,,,,,
399,L_5,,,339459.664,5626487.035,0.000,,-101.27667072,50.76790748,0.000,Local,,,,,,m,,,,,,,,,,,,,,,,NAD83(CSRS) / UTM zone 14N,,,,,,,,
400,L_5,,,339459.873,5626485.085,0.000,,-101.27666690,50.76789002,0.000,Local,,,,,,m,,,,,,,,,,,,,,,,NAD83(CSRS) / UTM zone 14N,,,,,,,,
401,L_5,,,339460.074,5626483.135,0.000,,-101.27666321,50.76787255,0.000,Local,,,,,,m,,,,,,,,,,,,,,,,NAD83(CSRS) / UTM zone 14N,,,,,,,,
402,L_5,,,339460.266,5626481.183,0.000,,-101.27665964,50.76785507,0.000,Local,,,,,,m,,,,,,,,,,,,,,,,NAD83(CSRS) / UTM zone 14N,,,,,,,,
403,L_5,,,339460.449,5626479.231,0.000,,-101.27665620,50.76783757,0.000,Local,,,,,,m,,,,,,,,,,,,,,,,NAD83(CSRS) / UTM zone 14N,,,,,,,,
404,L_5,,,339460.623,5626477.278,0.000,,-101.27665288,50.76782007,0.000,Local,,,,,,m,,,,,,,,,,,,,,,,NAD83(CSRS) / UTM zone 14N,,,,,,,,
405,L_5,,,339460.788,5626475.324,0.000,,-101.27664968,50.76780256,0.000,Local,,,,,,m,,,,,,,,,,,,,,,,NAD83(CSRS) / UTM zone 14N,,,,,,,,
406,L_5,,,339460.945,5626473.370,0.000,,-101.27664661,50.76778504,0.000,Local,,,,,,m,,,,,,,,,,,,,,,,NAD83(CSRS) / UTM zone 14N,,,,,,,,
407,L_5,,,339461.093,5626471.414,0.000,,-101.27664366,50.76776752,0.000,Local,,,,,,m,,,,,,,,,,,,,,,,NAD83(CSRS) / UTM zone 14N,,,,,,,,
408,L_5,,,339461.232,5626469.459,0.000,,-101.27664083,50.76774998,0.000,Local,,,,,,m,,,,,,,,,,,,,,,,NAD83(CSRS) / UTM zone 14N,,,,,,,,
409,L_5,,,339461.362,5626467.502,0.000,,-101.27663813,50.76773244,0.000,Local,,,,,,m,,,,,,,,,,,,,,,,NAD83(CSRS) / UTM zone 14N,,,,,,,,
410,L_5,,,339461.484,5626465.545,0.000,,-101.27663556,50.76771488,0.000,Local,,,,,,m,,,,,,,,,,,,,,,,NAD83(CSRS) / UTM zone 14N,,,,,,,,
411,L_5,,,339461.597,5626463.588,0.000,,-101.27663311,50.76769732,0.000,Local,,,,,,m,,,,,,,,,,,,,,,,NAD83(CSRS) / UTM zone 14N,,,,,,,,
412,L_5,,,339461.700,5626461.630,0.000,,-101.27663078,50.76767976,0.000,Local,,,,,,m,,,,,,,,,,,,,,,,NAD83(CSRS) / UTM zone 14N,,,,,,,,
413,L_5,,,339461.796,5626459.671,0.000,,-101.27662858,50.76766219,0.000,Local,,,,,,m,,,,,,,,,,,,,,,,NAD83(CSRS) / UTM zone 14N,,,,,,,,
414,L_5,,,339461.882,5626457.712,0.000,,-101.27662650,50.76764461,0.000,Local,,,,,,m,,,,,,,,,,,,,,,,NAD83(CSRS) / UTM zone 14N,,,,,,,,
415,L_5,,,339461.960,5626455.753,0.000,,-101.27662454,50.76762703,0.000,Local,,,,,,m,,,,,,,,,,,,,,,,NAD83(CSRS) / UTM zone 14N,,,,,,,,
416,L_5,,,339462.028,5626453.793,0.000,,-101.27662272,50.76760944,0.000,Local,,,,,,m,,,,,,,,,,,,,,,,NAD83(CSRS) / UTM zone 14N,,,,,,,,
417,L_5,,,339462.088,5626451.834,0.000,,-101.27662101,50.76759184,0.000,Local,,,,,,m,,,,,,,,,,,,,,,,NAD83(CSRS) / UTM zone 14N,,,,,,,,
418,L_5,,,339462.139,5626449.873,0.000,,-101.27661943,50.76757424,0.000,Local,,,,,,m,,,,,,,,,,,,,,,,NAD83(CSRS) / UTM zone 14N,,,,,,,,
419,L_5,,,339462.182,5626447.913,0.000,,-101.27661798,50.76755664,0.000,Local,,,,,,m,,,,,,,,,,,,,,,,NAD83(CSRS) / UTM zone 14N,,,,,,,,
420,L_6,,,339439.440,5626578.770,0.000,,-101.27699731,50.76872620,0.000,Local,,,,,,m,,,,,,,,,,,,,,,,NAD83(CSRS) / UTM zone 14N,,,,,,,,
421,L_6,,,339440.062,5626576.911,0.000,,-101.27698770,50.76870966,0.000,Local,,,,,,m,,,,,,,,,,,,,,,,NAD83(CSRS) / UTM zone 14N,,,,,,,,
422,L_6,,,339440.675,5626575.048,0.000,,-101.27697819,50.76869309,0.000,Local,,,,,,m,,,,,,,,,,,,,,,,NAD83(CSRS) / UTM zone 14N,,,,,,,,
423,L_6,,,339441.280,5626573.183,0.000,,-101.27696881,50.76867650,0.000,Local,,,,,,m,,,,,,,,,,,,,,,,NAD83(CSRS) / UTM zone 14N,,,,,,,,
424,L_6,,,339441.876,5626571.315,0.000,,-101.27695954,50.76865988,0.000,Local,,,,,,m,,,,,,,,,,,,,,,,NAD83(CSRS) / UTM zone 14N,,,,,,,,
425,L_6,,,339442.464,5626569.445,0.000,,-101.27695039,50.76864323,0.000,Local,,,,,,m,,,,,,,,,,,,,,,,NAD83(CSRS) / UTM zone 14N,,,,,,,,
426,L_6,,,339443.044,5626567.571,0.000,,-101.27694136,50.76862656,0.000,Local,,,,,,m,,,,,,,,,,,,,,,,NAD83(CSRS) / UTM zone 14N,,,,,,,,
427,L_6,,,339443.615,5626565.696,0.000,,-101.27693245,50.76860987,0.000,Local,,,,,,m,,,,,,,,,,,,,,,,NAD83(CSRS) / UTM zone 14N,,,,,,,,
428,L_6,,,339444.178,5626563.817,0.000,,-101.27692366,50.76859314,0.000,Local,,,,,,m,,,,,,,,,,,,,,,,NAD83(CSRS) / UTM zone 14N,,,,,,,,
429,L_6,,,339444.732,5626561.936,0.000,,-101.27691498,50.76857640,0.000,Local,,,,,,m,,,,,,,,,,,,,,,,NAD83(CSRS) / UTM zone 14N,,,,,,,,
430,L_6,,,339445.278,5626560.053,0.000,,-101.27690643,50.76855962,0.000,Local,,,,,,m,,,,,,,,,,,,,,,,NAD83(CSRS) / UTM zone 14N,,,,,,,,
431,L_6,,,339445.815,5626558.167,0.000,,-101.27689799,50.76854283,0.000,Local,,,,,,m,,,,,,,,,,,,,,,,NAD83(CSRS) / UTM zone 14N,,,,,,,,
432,L_6,,,339446.344,5626556.279,0.000,,-101.27688967,50.76852601,0.000,Local,,,,,,m,,,,,,,,,,,,,,,,NAD83(CSRS) / UTM zone 14N,,,,,,,,
433,L_6,,,339446.865,5626554.389,0.000,,-101.27688147,50.76850916,0.000,Local,,,,,,m,,,,,,,,,,,,,,,,NAD83(CSRS) / UTM zone 14N,,,,,,,,
434,L_6,,,339447.377,5626552.496,0.000,,-101.27687339,50.76849230,0.000,Local,,,,,,m,,,,,,,,,,,,,,,,NAD83(CSRS) / UTM zone 14N,,,,,,,,
435,L_6,,,339447.880,5626550.601,0.000,,-101.27686543,50.76847541,0.000,Local,,,,,,m,,,,,,,,,,,,,,,,NAD83(CSRS) / UTM zone 14N,,,,,,,,
436,L_6,,,339448.375,5626548.703,0.000,,-101.27685759,50.76845850,0.000,Local,,,,,,m,,,,,,,,,,,,,,,,NAD83(CSRS) / UTM zone 14N,,,,,,,,
437,L_6,,,339448.861,5626546.804,0.000,,-101.27684987,50.76844156,0.000,Local,,,,,,m,,,,,,,,,,,,,,,,NAD83(CSRS) / UTM zone 14N,,,,,,,,
438,L_6,,,339449.339,5626544.902,0.000,,-101.27684227,50.76842461,0.000,Local,,,,,,m,,,,,,,,,,,,,,,,NAD83(CSRS) / UTM zone 14N,,,,,,,,
439,L_6,,,339449.809,5626542.998,0.000,,-101.27683478,50.76840763,0.000,Local,,,,,,m,,,,,,,,,,,,,,,,NAD83(CSRS) / UTM zone 14N,,,,,,,,
440,L_6,,,339450.269,5626541.092,0.000,,-101.27682742,50.76839063,0.000,Local,,,,,,m,,,,,,,,,,,,,,,,NAD83(CSRS) / UTM zone 14N,,,,,,,,
441,L_6,,,339450.722,5626539.184,0.000,,-101.27682018,50.76837361,0.000,Local,,,,,,m,,,,,,,,,,,,,,,,NAD83(CSRS) / UTM zone 14N,,,,,,,,
442,L_6,,,339451.165,5626537.274,0.000,,-101.27681306,50.76835657,0.000,Local,,,,,,m,,,,,,,,,,,,,,,,NAD83(CSRS) / UTM zone 14N,,,,,,,,
443,L_6,,,339451.600,5626535.362,0.000,,-101.27680607,50.76833951,0.000,Local,,,,,,m,,,,,,,,,,,,,,,,NAD83(CSRS) / UTM zone 14N,,,,,,,,
444,L_6,,,339452.027,5626533.449,0.000,,-101.27679919,50.76832243,0.000,Local,,,,,,m,,,,,,,,,,,,,,,,NAD83(CSRS) / UTM zone 14N,,,,,,,,
445,L_6,,,339452.445,5626531.533,0.000,,-101.27679243,50.76830533,0.000,Local,,,,,,m,,,,,,,,,,,,,,,,NAD83(CSRS) / UTM zone 14N,,,,,,,,
446,L_6,,,339452.854,5626529.615,0.000,,-101.27678580,50.76828821,0.000,Local,,,,,,m,,,,,,,,,,,,,,,,NAD83(CSRS) / UTM zone 14N,,,,,,,,
447,L_6,,,339453.254,5626527.696,0.000,,-101.27677928,50.76827108,0.000,Local,,,,,,m,,,,,,,,,,,,,,,,NAD83(CSRS) / UTM zone 14N,,,,,,,,
448,L_6,,,339453.646,5626525.774,0.000,,-101.27677289,50.76825392,0.000,Local,,,,,,m,,,,,,,,,,,,,,,,NAD83(CSRS) / UTM zone 14N,,,,,,,,
449,L_6,,,339454.030,5626523.851,0.000,,-101.27676662,50.76823675,0.000,Local,,,,,,m,,,,,,,,,,,,,,,,NAD83(CSRS) / UTM zone 14N,,,,,,,,
450,L_6,,,339454.405,5626521.927,0.000,,-101.27676047,50.76821956,0.000,Local,,,,,,m,,,,,,,,,,,,,,,,NAD83(CSRS) / UTM zone 14N,,,,,,,,
451,L_6,,,339454.771,5626520.000,0.000,,-101.27675444,50.76820235,0.000,Local,,,,,,m,,,,,,,,,,,,,,,,NAD83(CSRS) / UTM zone 14N,,,,,,,,
452,L_6,,,339455.128,5626518.072,0.000,,-101.27674854,50.76818512,0.000,Local,,,,,,m,,,,,,,,,,,,,,,,NAD83(CSRS) / UTM zone 14N,,,,,,,,
453,L_6,,,339455.477,5626516.143,0.000,,-101.27674275,50.76816788,0.000,Local,,,,,,m,,,,,,,,,,,,,,,,NAD83(CSRS) / UTM zone 14N,,,,,,,,
454,L_6,,,339455.817,5626514.212,0.000,,-101.27673709,50.76815062,0.000,Local,,,,,,m,,,,,,,,,,,,,,,,NAD83(CSRS) / UTM zone 14N,,,,,,,,
455,L_6,,,339456.148,5626512.279,0.000,,-101.27673155,50.76813335,0.000,Local,,,,,,m,,,,,,,,,,,,,,,,NAD83(CSRS) / UTM zone 14N,,,,,,,,
456,L_6,,,339456.471,5626510.345,0.000,,-101.27672613,50.76811606,0.000,Local,,,,,,m,,,,,,,,,,,,,,,,NAD83(CSRS) / UTM zone 14N,,,,,,,,
457,L_6,,,339456.785,5626508.410,0.000,,-101.27672084,50.76809875,0.000,Local,,,,,,m,,,,,,,,,,,,,,,,NAD83(CSRS) / UTM zone 14N,,,,,,,,
458,L_6,,,339457.090,5626506.473,0.000,,-101.27671567,50.76808143,0.000,Local,,,,,,m,,,,,,,,,,,,,,,,NAD83(CSRS) / UTM zone 14N,,,,,,,,
459,L_6,,,339457.387,5626504.534,0.000,,-101.27671062,50.76806410,0.000,Local,,,,,,m,,,,,,,,,,,,,,,,NAD83(CSRS) / UTM zone 14N,,,,,,,,
460,L_6,,,339457.675,5626502.595,0.000,,-101.27670569,50.76804675,0.000,Local,,,,,,m,,,,,,,,,,,,,,,,NAD83(CSRS) / UTM zone 14N,,,,,,,,
461,L_6,,,339457.954,5626500.654,0.000,,-101.27670089,50.76802939,0.000,Local,,,,,,m,,,,,,,,,,,,,,,,NAD83(CSRS) / UTM zone 14N,,,,,,,,
462,L_6,,,339458.225,5626498.712,0.000,,-101.27669621,50.76801201,0.000,Local,,,,,,m,,,,,,,,,,,,,,,,NAD83(CSRS) / UTM zone 14N,,,,,,,,
463,L_6,,,339458.486,5626496.769,0.000,,-101.27669165,50.76799462,0.000,Local,,,,,,m,,,,,,,,,,,,,,,,NAD83(CSRS) / UTM zone 14N,,,,,,,,
464,L_6,,,339458.739,5626494.824,0.000,,-101.27668722,50.76797722,0.000,Local,,,,,,m,,,,,,,,,,,,,,,,NAD83(CSRS) / UTM zone 14N,,,,,,,,
465,L_6,,,339458.984,5626492.879,0.000,,-101.27668291,50.76795980,0.000,Local,,,,,,m,,,,,,,,,,,,,,,,NAD83(CSRS) / UTM zone 14N,,,,,,,,
466,L_6,,,339459.219,5626490.932,0.000,,-101.27667872,50.76794238,0.000,Local,,,,,,m,,,,,,,,,,,,,,,,NAD83(CSRS) / UTM zone 14N,,,,,,,,
467,L_6,,,339459.446,5626488.984,0.000,,-101.27667466,50.76792494,0.000,Local,,,,,,m,,,,,,,,,,,,,,,,NAD83(CSRS) / UTM zone 14N,,,,,,,,
468,L_6,,,339459.664,5626487.036,0.000,,-101.27667072,50.76790749,0.000,Local,,,,,,m,,,,,,,,,,,,,,,,NAD83(CSRS) / UTM zone 14N,,,,,,,,
469,L_6,,,339459.873,5626485.086,0.000,,-101.27666690,50.76789003,0.000,Local,,,,,,m,,,,,,,,,,,,,,,,NAD83(CSRS) / UTM zone 14N,,,,,,,,
470,L_6,,,339460.074,5626483.135,0.000,,-101.27666321,50.76787256,0.000,Local,,,,,,m,,,,,,,,,,,,,,,,NAD83(CSRS) / UTM zone 14N,,,,,,,,
471,L_6,,,339460.266,5626481.184,0.000,,-101.27665964,50.76785507,0.000,Local,,,,,,m,,,,,,,,,,,,,,,,NAD83(CSRS) / UTM zone 14N,,,,,,,,
472,L_6,,,339460.449,5626479.232,0.000,,-101.27665620,50.76783758,0.000,Local,,,,,,m,,,,,,,,,,,,,,,,NAD83(CSRS) / UTM zone 14N,,,,,,,,
473,L_6,,,339460.623,5626477.279,0.000,,-101.27665288,50.76782008,0.000,Local,,,,,,m,,,,,,,,,,,,,,,,NAD83(CSRS) / UTM zone 14N,,,,,,,,
474,L_6,,,339460.788,5626475.325,0.000,,-101.27664968,50.76780257,0.000,Local,,,,,,m,,,,,,,,,,,,,,,,NAD83(CSRS) / UTM zone 14N,,,,,,,,
475,L_6,,,339460.945,5626473.370,0.000,,-101.27664661,50.76778505,0.000,Local,,,,,,m,,,,,,,,,,,,,,,,NAD83(CSRS) / UTM zone 14N,,,,,,,,
476,L_6,,,339461.093,5626471.415,0.000,,-101.27664366,50.76776752,0.000,Local,,,,,,m,,,,,,,,,,,,,,,,NAD83(CSRS) / UTM zone 14N,,,,,,,,
477,L_6,,,339461.232,5626469.459,0.000,,-101.27664083,50.76774998,0.000,Local,,,,,,m,,,,,,,,,,,,,,,,NAD83(CSRS) / UTM zone 14N,,,,,,,,
478,L_6,,,339461.362,5626467.503,0.000,,-101.27663813,50.76773244,0.000,Local,,,,,,m,,,,,,,,,,,,,,,,NAD83(CSRS) / UTM zone 14N,,,,,,,,
479,L_6,,,339461.484,5626465.546,0.000,,-101.27663556,50.76771489,0.000,Local,,,,,,m,,,,,,,,,,,,,,,,NAD83(CSRS) / UTM zone 14N,,,,,,,,
480,L_6,,,339461.597,5626463.588,0.000,,-101.27663311,50.76769733,0.000,Local,,,,,,m,,,,,,,,,,,,,,,,NAD83(CSRS) / UTM zone 14N,,,,,,,,
481,L_6,,,339461.700,5626461.630,0.000,,-101.27663078,50.76767976,0.000,Local,,,,,,m,,,,,,,,,,,,,,,,NAD83(CSRS) / UTM zone 14N,,,,,,,,
482,L_6,,,339461.796,5626459.671,0.000,,-101.27662858,50.76766219,0.000,Local,,,,,,m,,,,,,,,,,,,,,,,NAD83(CSRS) / UTM zone 14N,,,,,,,,
483,L_6,,,339461.882,5626457.712,0.000,,-101.27662650,50.76764461,0.000,Local,,,,,,m,,,,,,,,,,,,,,,,NAD83(CSRS) / UTM zone 14N,,,,,,,,
484,L_6,,,339461.960,5626455.753,0.000,,-101.27662454,50.76762703,0.000,Local,,,,,,m,,,,,,,,,,,,,,,,NAD83(CSRS) / UTM zone 14N,,,,,,,,
485,L_6,,,339462.028,5626453.794,0.000,,-101.27662272,50.76760944,0.000,Local,,,,,,m,,,,,,,,,,,,,,,,NAD83(CSRS) / UTM zone 14N,,,,,,,,
486,L_6,,,339462.088,5626451.834,0.000,,-101.27662101,50.76759184,0.000,Local,,,,,,m,,,,,,,,,,,,,,,,NAD83(CSRS) / UTM zone 14N,,,,,,,,
487,L_6,,,339462.139,5626449.873,0.000,,-101.27661943,50.76757424,0.000,Local,,,,,,m,,,,,,,,,,,,,,,,NAD83(CSRS) / UTM zone 14N,,,,,,,,
488,L_6,,,339462.182,5626447.913,0.000,,-101.27661798,50.76755664,0.000,Local,,,,,,m,,,,,,,,,,,,,,,,NAD83(CSRS) / UTM zone 14N,,,,,,,,
489,L_7,,,339449.176,5626578.770,0.000,,-101.27685936,50.76872889,0.000,Local,,,,,,m,,,,,,,,,,,,,,,,NAD83(CSRS) / UTM zone 14N,,,,,,,,
490,L_7,,,339449.798,5626576.881,0.000,,-101.27684973,50.76871208,0.000,Local,,,,,,m,,,,,,,,,,,,,,,,NAD83(CSRS) / UTM zone 14N,,,,,,,,
491,L_7,,,339450.411,5626574.988,0.000,,-101.27684021,50.76869525,0.000,Local,,,,,,m,,,,,,,,,,,,,,,,NAD83(CSRS) / UTM zone 14N,,,,,,,,
492,L_7,,,339451.015,5626573.093,0.000,,-101.27683082,50.76867838,0.000,Local,,,,,,m,,,,,,,,,,,,,,,,NAD83(CSRS) / UTM zone 14N,,,,,,,,
493,L_7,,,339451.611,5626571.195,0.000,,-101.27682155,50.76866149,0.000,Local,,,,,,m,,,,,,,,,,,,,,,,NAD83(CSRS) / UTM zone 14N,,,,,,,,
494,L_7,,,339452.198,5626569.294,0.000,,-101.27681240,50.76864458,0.000,Local,,,,,,m,,,,,,,,,,,,,,,,NAD83(CSRS) / UTM zone 14N,,,,,,,,
495,L_7,,,339452.777,5626567.391,0.000,,-101.27680337,50.76862763,0.000,Local,,,,,,m,,,,,,,,,,,,,,,,NAD83(CSRS) / UTM zone 14N,,,,,,,,
496,L_7,,,339453.346,5626565.485,0.000,,-101.27679447,50.76861066,0.000,Local,,,,,,m,,,,,,,,,,,,,,,,NAD83(CSRS) / UTM zone 14N,,,,,,,,
497,L_7,,,339453.908,5626563.576,0.000,,-101.27678568,50.76859367,0.000,Local,,,,,,m,,,,,,,,,,,,,,,,NAD83(CSRS) / UTM zone 14N,,,,,,,,
498,L_7,,,339454.460,5626561.665,0.000,,-101.27677702,50.76857665,0.000,Local,,,,,,m,,,,,,,,,,,,,,,,NAD83(CSRS) / UTM zone 14N,,,,,,,,
499,L_7,,,339455.004,5626559.751,0.000,,-101.27676848,50.76855960,0.000,Local,,,,,,m,,,,,,,,,,,,,,,,NAD83(CSRS) / UTM zone 14N,,,,,,,,
500,L_7,,,339455.539,5626557.835,0.000,,-101.27676007,50.76854253,0.000,Local,,,,,,m,,,,,,,,,,,,,,,,NAD83(CSRS) / UTM zone 14N,,,,,,,,
501,L_7,,,339456.065,5626555.917,0.000,,-101.27675177,50.76852544,0.000,Local,,,,,,m,,,,,,,,,,,,,,,,NAD83(CSRS) / UTM zone 14N,,,,,,,,
502,L_7,,,339456.582,5626553.996,0.000,,-101.27674360,50.76850832,0.000,Local,,,,,,m,,,,,,,,,,,,,,,,NAD83(CSRS) / UTM zone 14N,,,,,,,,
503,L_7,,,339457.091,5626552.072,0.000,,-101.27673555,50.76849118,0.000,Local,,,,,,m,,,,,,,,,,,,,,,,NAD83(CSRS) / UTM zone 14N,,,,,,,,
504,L_7,,,339457.591,5626550.147,0.000,,-101.27672763,50.76847402,0.000,Local,,,,,,m,,,,,,,,,,,,,,,,NAD83(CSRS) / UTM zone 14N,,,,,,,,
505,L_7,,,339458.082,5626548.219,0.000,,-101.27671983,50.76845683,0.000,Local,,,,,,m,,,,,,,,,,,,,,,,NAD83(CSRS) / UTM zone 14N,,,,,,,,
506,L_7,,,339458.565,5626546.289,0.000,,-101.27671215,50.76843962,0.000,Local,,,,,,m,,,,,,,,,,,,,,,,NAD83(CSRS) / UTM zone 14N,,,,,,,,
507,L_7,,,339459.038,5626544.357,0.000,,-101.27670460,50.76842239,0.000,Local,,,,,,m,,,,,,,,,,,,,,,,NAD83(CSRS) / UTM zone 14N,,,,,,,,
508,L_7,,,339459.503,5626542.423,0.000,,-101.27669717,50.76840514,0.000,Local,,,,,,m,,,,,,,,,,,,,,,,NAD83(CSRS) / UTM zone 14N,,,,,,,,
509,L_7,,,339459.959,5626540.486,0.000,,-101.27668986,50.76838786,0.000,Local,,,,,,m,,,,,,,,,,,,,,,,NAD83(CSRS) / UTM zone 14N,,,,,,,,
510,L_7,,,339460.406,5626538.548,0.000,,-101.27668268,50.76837057,0.000,Local,,,,,,m,,,,,,,,,,,,,,,,NAD83(CSRS) / UTM zone 14N,,,,,,,,
511,L_7,,,339460.845,5626536.607,0.000,,-101.27667562,50.76835325,0.000,Local,,,,,,m,,,,,,,,,,,,,,,,NAD83(CSRS) / UTM zone 14N,,,,,,,,
512,L_7,,,339461.274,5626534.665,0.000,,-101.27666869,50.76833592,0.000,Local,,,,,,m,,,,,,,,,,,,,,,,NAD83(CSRS) / UTM zone 14N,,,,,,,,
513,L_7,,,339461.695,5626532.720,0.000,,-101.27666188,50.76831856,0.000,Local,,,,,,m,,,,,,,,,,,,,,,,NAD83(CSRS) / UTM zone 14N,,,,,,,,
514,L_7,,,339462.106,5626530.774,0.000,,-101.27665520,50.76830119,0.000,Local,,,,,,m,,,,,,,,,,,,,,,,NAD83(CSRS) / UTM zone 14N,,,,,,,,
515,L_7,,,339462.509,5626528.826,0.000,,-101.27664864,50.76828379,0.000,Local,,,,,,m,,,,,,,,,,,,,,,,NAD83(CSRS) / UTM zone 14N,,,,,,,,
516,L_7,,,339462.903,5626526.876,0.000,,-101.27664221,50.76826638,0.000,Local,,,,,,m,,,,,,,,,,,,,,,,NAD83(CSRS) / UTM zone 14N,,,,,,,,
517,L_7,,,339463.288,5626524.924,0.000,,-101.27663590,50.76824895,0.000,Local,,,,,,m,,,,,,,,,,,,,,,,NAD83(CSRS) / UTM zone 14N,,,,,,,,
518,L_7,,,339463.664,5626522.971,0.000,,-101.27662972,50.76823150,0.000,Local,,,,,,m,,,,,,,,,,,,,,,,NAD83(CSRS) / UTM zone 14N,,,,,,,,
519,L_7,,,339464.032,5626521.016,0.000,,-101.27662366,50.76821403,0.000,Local,,,,,,m,,,,,,,,,,,,,,,,NAD83(CSRS) / UTM zone 14N,,,,,,,,
520,L_7,,,339464.390,5626519.059,0.000,,-101.27661773,50.76819655,0.000,Local,,,,,,m,,,,,,,,,,,,,,,,NAD83(CSRS) / UTM zone 14N,,,,,,,,
521,L_7,,,339464.740,5626517.100,0.000,,-101.27661192,50.76817905,0.000,Local,,,,,,m,,,,,,,,,,,,,,,,NAD83(CSRS) / UTM zone 14N,,,,,,,,
522,L_7,,,339465.080,5626515.140,0.000,,-101.27660624,50.76816153,0.000,Local,,,,,,m,,,,,,,,,,,,,,,,NAD83(CSRS) / UTM zone 14N,,,,,,,,
523,L_7,,,339465.412,5626513.179,0.000,,-101.27660069,50.76814399,0.000,Local,,,,,,m,,,,,,,,,,,,,,,,NAD83(CSRS) / UTM zone 14N,,,,,,,,
524,L_7,,,339465.734,5626511.216,0.000,,-101.27659526,50.76812644,0.000,Local,,,,,,m,,,,,,,,,,,,,,,,NAD83(CSRS) / UTM zone 14N,,,,,,,,
525,L_7,,,339466.048,5626509.251,0.000,,-101.27658996,50.76810888,0.000,Local,,,,,,m,,,,,,,,,,,,,,,,NAD83(CSRS) / UTM zone 14N,,,,,,,,
526,L_7,,,339466.353,5626507.285,0.000,,-101.27658478,50.76809130,0.000,Local,,,,,,m,,,,,,,,,,,,,,,,NAD83(CSRS) / UTM zone 14N,,,,,,,,
527,L_7,,,339466.649,5626505.318,0.000,,-101.27657973,50.76807370,0.000,Local,,,,,,m,,,,,,,,,,,,,,,,NAD83(CSRS) / UTM zone 14N,,,,,,,,
528,L_7,,,339466.935,5626503.350,0.000,,-101.27657481,50.76805609,0.000,Local,,,,,,m,,,,,,,,,,,,,,,,NAD83(CSRS) / UTM zone 14N,,,,,,,,
529,L_7,,,339467.213,5626501.380,0.000,,-101.27657001,50.76803847,0.000,Local,,,,,,m,,,,,,,,,,,,,,,,NAD83(CSRS) / UTM zone 14N,,,,,,,,
530,L_7,,,339467.482,5626499.409,0.000,,-101.27656534,50.76802083,0.000,Local,,,,,,m,,,,,,,,,,,,,,,,NAD83(CSRS) / UTM zone 14N,,,,,,,,
531,L_7,,,339467.742,5626497.436,0.000,,-101.27656080,50.76800318,0.000,Local,,,,,,m,,,,,,,,,,,,,,,,NAD83(CSRS) / UTM zone 14N,,,,,,,,
532,L_7,,,339467.993,5626495.463,0.000,,-101.27655638,50.76798552,0.000,Local,,,,,,m,,,,,,,,,,,,,,,,NAD83(CSRS) / UTM zone 14N,,,,,,,,
533,L_7,,,339468.235,5626493.488,0.000,,-101.27655210,50.76796784,0.000,Local,,,,,,m,,,,,,,,,,,,,,,,NAD83(CSRS) / UTM zone 14N,,,,,,,,
534,L_7,,,339468.467,5626491.512,0.000,,-101.27654793,50.76795015,0.000,Local,,,,,,m,,,,,,,,,,,,,,,,NAD83(CSRS) / UTM zone 14N,,,,,,,,
535,L_7,,,339468.691,5626489.536,0.000,,-101.27654390,50.76793245,0.000,Local,,,,,,m,,,,,,,,,,,,,,,,NAD83(CSRS) / UTM zone 14N,,,,,,,,
536,L_7,,,339468.906,5626487.558,0.000,,-101.27653999,50.76791474,0.000,Local,,,,,,m,,,,,,,,,,,,,,,,NAD83(CSRS) / UTM zone 14N,,,,,,,,
537,L_7,,,339469.112,5626485.579,0.000,,-101.27653621,50.76789702,0.000,Local,,,,,,m,,,,,,,,,,,,,,,,NAD83(CSRS) / UTM zone 14N,,,,,,,,
538,L_7,,,339469.309,5626483.600,0.000,,-101.27653256,50.76787928,0.000,Local,,,,,,m,,,,,,,,,,,,,,,,NAD83(CSRS) / UTM zone 14N,,,,,,,,
539,L_7,,,339469.497,5626481.619,0.000,,-101.27652903,50.76786154,0.000,Local,,,,,,m,,,,,,,,,,,,,,,,NAD83(CSRS) / UTM zone 14N,,,,,,,,
540,L_7,,,339469.675,5626479.638,0.000,,-101.27652564,50.76784378,0.000,Local,,,,,,m,,,,,,,,,,,,,,,,NAD83(CSRS) / UTM zone 14N,,,,,,,,
541,L_7,,,339469.845,5626477.656,0.000,,-101.27652237,50.76782602,0.000,Local,,,,,,m,,,,,,,,,,,,,,,,NAD83(CSRS) / UTM zone 14N,,,,,,,,
542,L_7,,,339470.006,5626475.673,0.000,,-101.27651922,50.76780825,0.000,Local,,,,,,m,,,,,,,,,,,,,,,,NAD83(CSRS) / UTM zone 14N,,,,,,,,
543,L_7,,,339470.158,5626473.689,0.000,,-101.27651621,50.76779046,0.000,Local,,,,,,m,,,,,,,,,,,,,,,,NAD83(CSRS) / UTM zone 14N,,,,,,,,
544,L_7,,,339470.300,5626471.705,0.000,,-101.27651332,50.76777267,0.000,Local,,,,,,m,,,,,,,,,,,,,,,,NAD83(CSRS) / UTM zone 14N,,,,,,,,
545,L_7,,,339470.434,5626469.720,0.000,,-101.27651056,50.76775488,0.000,Local,,,,,,m,,,,,,,,,,,,,,,,NAD83(CSRS) / UTM zone 14N,,,,,,,,
546,L_7,,,339470.558,5626467.735,0.000,,-101.27650793,50.76773707,0.000,Local,,,,,,m,,,,,,,,,,,,,,,,NAD83(CSRS) / UTM zone 14N,,,,,,,,
547,L_7,,,339470.674,5626465.749,0.000,,-101.27650543,50.76771926,0.000,Local,,,,,,m,,,,,,,,,,,,,,,,NAD83(CSRS) / UTM zone 14N,,,,,,,,
548,L_7,,,339470.780,5626463.762,0.000,,-101.27650306,50.76770143,0.000,Local,,,,,,m,,,,,,,,,,,,,,,,NAD83(CSRS) / UTM zone 14N,,,,,,,,
549,L_7,,,339470.878,5626461.775,0.000,,-101.27650081,50.76768361,0.000,Local,,,,,,m,,,,,,,,,,,,,,,,NAD83(CSRS) / UTM zone 14N,,,,,,,,
550,L_7,,,339470.966,5626459.788,0.000,,-101.27649869,50.76766577,0.000,Local,,,,,,m,,,,,,,,,,,,,,,,NAD83(CSRS) / UTM zone 14N,,,,,,,,
551,L_7,,,339471.045,5626457.800,0.000,,-101.27649670,50.76764793,0.000,Local,,,,,,m,,,,,,,,,,,,,,,,NAD83(CSRS) / UTM zone 14N,,,,,,,,
552,L_7,,,339471.115,5626455.812,0.000,,-101.27649484,50.76763009,0.000,Local,,,,,,m,,,,,,,,,,,,,,,,NAD83(CSRS) / UTM zone 14N,,,,,,,,
553,L_7,,,339471.177,5626453.823,0.000,,-101.27649310,50.76761224,0.000,Local,,,,,,m,,,,,,,,,,,,,,,,NAD83(CSRS) / UTM zone 14N,,,,,,,,
554,L_7,,,339471.229,5626451.835,0.000,,-101.27649150,50.76759438,0.000,Local,,,,,,m,,,,,,,,,,,,,,,,NAD83(CSRS) / UTM zone 14N,,,,,,,,
555,L_7,,,339471.272,5626449.846,0.000,,-101.27649002,50.76757652,0.000,Local,,,,,,m,,,,,,,,,,,,,,,,NAD83(CSRS) / UTM zone 14N,,,,,,,,
556,L_8,,,339462.585,5626578.767,0.000,,-101.27666936,50.76873257,0.000,Local,,,,,,m,,,,,,,,,,,,,,,,NAD83(CSRS) / UTM zone 14N,,,,,,,,
557,L_8,,,339474.982,5626528.722,0.000,,-101.27647187,50.76828631,0.000,Local,,,,,,m,,,,,,,,,,,,,,,,NAD83(CSRS) / UTM zone 14N,,,,,,,,
558,L_9,,,339474.982,5626528.722,0.000,,-101.27647187,50.76828631,0.000,Local,,,,,,m,,,,,,,,,,,,,,,,NAD83(CSRS) / UTM zone 14N,,,,,,,,
559,L_9,,,339481.299,5626476.290,0.000,,-101.27635948,50.76781692,0.000,Local,,,,,,m,,,,,,,,,,,,,,,,NAD83(CSRS) / UTM zone 14N,,,,,,,,
560,L_10,,,339481.299,5626476.290,0.000,,-101.27635948,50.76781692,0.000,Local,,,,,,m,,,,,,,,,,,,,,,,NAD83(CSRS) / UTM zone 14N,,,,,,,,
561,L_10,,,339481.930,5626431.439,0.000,,-101.27633097,50.76741407,0.000,Local,,,,,,m,,,,,,,,,,,,,,,,NAD83(CSRS) / UTM zone 14N,,,,,,,,
562,L_11,,,339481.930,5626431.439,0.000,,-101.27633097,50.76741407,0.000,Local,,,,,,m,,,,,,,,,,,,,,,,NAD83(CSRS) / UTM zone 14N,,,,,,,,
563,L_11,,,339484.457,5626368.268,0.000,,-101.27626760,50.76684713,0.000,Local,,,,,,m,,,,,,,,,,,,,,,,NAD83(CSRS) / UTM zone 14N,,,,,,,,
564,L_12,,,339484.457,5626368.268,0.000,,-101.27626760,50.76684713,0.000,Local,,,,,,m,,,,,,,,,,,,,,,,NAD83(CSRS) / UTM zone 14N,,,,,,,,
565,L_12,,,339485.742,5626340.002,0.000,,-101.27623707,50.76659350,0.000,Local,,,,,,m,,,,,,,,,,,,,,,,NAD83(CSRS) / UTM zone 14N,,,,,,,,
566,L_13,,,339473.666,5626578.767,0.000,,-101.27651235,50.76873564,0.000,Local,,,,,,m,,,,,,,,,,,,,,,,NAD83(CSRS) / UTM zone 14N,,,,,,,,
567,L_13,,,339477.824,5626562.676,0.000,,-101.27644640,50.76859220,0.000,Local,,,,,,m,,,,,,,,,,,,,,,,NAD83(CSRS) / UTM zone 14N,,,,,,,,
568,L_14,,,339477.824,5626562.676,0.000,,-101.27644640,50.76859220,0.000,Local,,,,,,m,,,,,,,,,,,,,,,,NAD83(CSRS) / UTM zone 14N,,,,,,,,
569,L_14,,,339482.878,5626540.408,0.000,,-101.27636508,50.76839350,0.000,Local,,,,,,m,,,,,,,,,,,,,,,,NAD83(CSRS) / UTM zone 14N,,,,,,,,
570,L_15,,,339482.878,5626540.408,0.000,,-101.27636508,50.76839350,0.000,Local,,,,,,m,,,,,,,,,,,,,,,,NAD83(CSRS) / UTM zone 14N,,,,,,,,
571,L_15,,,339488.247,5626509.297,0.000,,-101.27627542,50.76811543,0.000,Local,,,,,,m,,,,,,,,,,,,,,,,NAD83(CSRS) / UTM zone 14N,,,,,,,,
572,L_16,,,339488.247,5626509.297,0.000,,-101.27627542,50.76811543,0.000,Local,,,,,,m,,,,,,,,,,,,,,,,NAD83(CSRS) / UTM zone 14N,,,,,,,,
573,L_16,,,339490.932,5626488.924,0.000,,-101.27622849,50.76793311,0.000,Local,,,,,,m,,,,,,,,,,,,,,,,NAD83(CSRS) / UTM zone 14N,,,,,,,,
574,L_17,,,339490.932,5626488.924,0.000,,-101.27622849,50.76793311,0.000,Local,,,,,,m,,,,,,,,,,,,,,,,NAD83(CSRS) / UTM zone 14N,,,,,,,,
575,L_17,,,339492.353,5626468.236,0.000,,-101.27619933,50.76774760,0.000,Local,,,,,,m,,,,,,,,,,,,,,,,NAD83(CSRS) / UTM zone 14N,,,,,,,,
576,L_18,,,339492.353,5626468.236,0.000,,-101.27619933,50.76774760,0.000,Local,,,,,,m,,,,,,,,,,,,,,,,NAD83(CSRS) / UTM zone 14N,,,,,,,,
577,L_18,,,339494.406,5626422.437,0.000,,-101.27615026,50.76733663,0.000,Local,,,,,,m,,,,,,,,,,,,,,,,NAD83(CSRS) / UTM zone 14N,,,,,,,,
578,L_19,,,339494.406,5626422.437,0.000,,-101.27615026,50.76733663,0.000,Local,,,,,,m,,,,,,,,,,,,,,,,NAD83(CSRS) / UTM zone 14N,,,,,,,,
579,L_19,,,339495.196,5626407.276,0.000,,-101.27613246,50.76720062,0.000,Local,,,,,,m,,,,,,,,,,,,,,,,NAD83(CSRS) / UTM zone 14N,,,,,,,,
580,L_20,,,339495.196,5626407.276,0.000,,-101.27613246,50.76720062,0.000,Local,,,,,,m,,,,,,,,,,,,,,,,NAD83(CSRS) / UTM zone 14N,,,,,,,,
581,L_20,,,339496.144,5626387.851,0.000,,-101.27611056,50.76702633,0.000,Local,,,,,,m,,,,,,,,,,,,,,,,NAD83(CSRS) / UTM zone 14N,,,,,,,,
582,L_21,,,339496.144,5626387.851,0.000,,-101.27611056,50.76702633,0.000,Local,,,,,,m,,,,,,,,,,,,,,,,NAD83(CSRS) / UTM zone 14N,,,,,,,,
583,L_21,,,339497.091,5626346.948,0.000,,-101.27607929,50.76665905,0.000,Local,,,,,,m,,,,,,,,,,,,,,,,NAD83(CSRS) / UTM zone 14N,,,,,,,,
584,L_22,,,339497.091,5626346.948,0.000,,-101.27607929,50.76665905,0.000,Local,,,,,,m,,,,,,,,,,,,,,,,NAD83(CSRS) / UTM zone 14N,,,,,,,,
585,L_22,,,339497.129,5626340.002,0.000,,-101.27607573,50.76659665,0.000,Local,,,,,,m,,,,,,,,,,,,,,,,NAD83(CSRS) / UTM zone 14N,,,,,,,,
586,L_23,,,339500.708,5626340.002,0.000,,-101.27602501,50.76659764,0.000,Local,,,,,,m,,,,,,,,,,,,,,,,NAD83(CSRS) / UTM zone 14N,,,,,,,,
587,L_23,,,339499.776,5626362.899,0.000,,-101.27604821,50.76680312,0.000,Local,,,,,,m,,,,,,,,,,,,,,,,NAD83(CSRS) / UTM zone 14N,,,,,,,,
588,L_24,,,339499.776,5626362.899,0.000,,-101.27604821,50.76680312,0.000,Local,,,,,,m,,,,,,,,,,,,,,,,NAD83(CSRS) / UTM zone 14N,,,,,,,,
589,L_24,,,339500.092,5626386.745,0.000,,-101.27605413,50.76701749,0.000,Local,,,,,,m,,,,,,,,,,,,,,,,NAD83(CSRS) / UTM zone 14N,,,,,,,,
590,L_25,,,339500.092,5626386.745,0.000,,-101.27605413,50.76701749,0.000,Local,,,,,,m,,,,,,,,,,,,,,,,NAD83(CSRS) / UTM zone 14N,,,,,,,,
591,L_25,,,339500.408,5626404.275,0.000,,-101.27605731,50.76717510,0.000,Local,,,,,,m,,,,,,,,,,,,,,,,NAD83(CSRS) / UTM zone 14N,,,,,,,,
592,L_26,,,339500.408,5626404.275,0.000,,-101.27605731,50.76717510,0.000,Local,,,,,,m,,,,,,,,,,,,,,,,NAD83(CSRS) / UTM zone 14N,,,,,,,,
593,L_26,,,339500.566,5626435.545,0.000,,-101.27606871,50.76745612,0.000,Local,,,,,,m,,,,,,,,,,,,,,,,NAD83(CSRS) / UTM zone 14N,,,,,,,,
594,L_27,,,339500.566,5626435.545,0.000,,-101.27606871,50.76745612,0.000,Local,,,,,,m,,,,,,,,,,,,,,,,NAD83(CSRS) / UTM zone 14N,,,,,,,,
595,L_27,,,339500.408,5626450.706,0.000,,-101.27607756,50.76759231,0.000,Local,,,,,,m,,,,,,,,,,,,,,,,NAD83(CSRS) / UTM zone 14N,,,,,,,,
596,L_28,,,339500.408,5626450.706,0.000,,-101.27607756,50.76759231,0.000,Local,,,,,,m,,,,,,,,,,,,,,,,NAD83(CSRS) / UTM zone 14N,,,,,,,,
597,L_28,,,339498.671,5626478.659,0.000,,-101.27611437,50.76784301,0.000,Local,,,,,,m,,,,,,,,,,,,,,,,NAD83(CSRS) / UTM zone 14N,,,,,,,,
598,L_29,,,339498.671,5626478.659,0.000,,-101.27611437,50.76784301,0.000,Local,,,,,,m,,,,,,,,,,,,,,,,NAD83(CSRS) / UTM zone 14N,,,,,,,,
599,L_29,,,339495.986,5626503.137,0.000,,-101.27616309,50.76806223,0.000,Local,,,,,,m,,,,,,,,,,,,,,,,NAD83(CSRS) / UTM zone 14N,,,,,,,,
600,L_30,,,339495.986,5626503.137,0.000,,-101.27616309,50.76806223,0.000,Local,,,,,,m,,,,,,,,,,,,,,,,NAD83(CSRS) / UTM zone 14N,,,,,,,,
601,L_30,,,339492.511,5626525.563,0.000,,-101.27622210,50.76826277,0.000,Local,,,,,,m,,,,,,,,,,,,,,,,NAD83(CSRS) / UTM zone 14N,,,,,,,,
602,L_31,,,339492.511,5626525.563,0.000,,-101.27622210,50.76826277,0.000,Local,,,,,,m,,,,,,,,,,,,,,,,NAD83(CSRS) / UTM zone 14N,,,,,,,,
603,L_31,,,339490.064,5626538.671,0.000,,-101.27626251,50.76837988,0.000,Local,,,,,,m,,,,,,,,,,,,,,,,NAD83(CSRS) / UTM zone 14N,,,,,,,,
604,L_32,,,339490.064,5626538.671,0.000,,-101.27626251,50.76837988,0.000,Local,,,,,,m,,,,,,,,,,,,,,,,NAD83(CSRS) / UTM zone 14N,,,,,,,,
605,L_32,,,339486.352,5626556.122,0.000,,-101.27632271,50.76853566,0.000,Local,,,,,,m,,,,,,,,,,,,,,,,NAD83(CSRS) / UTM zone 14N,,,,,,,,
606,L_33,,,339486.352,5626556.122,0.000,,-101.27632271,50.76853566,0.000,Local,,,,,,m,,,,,,,,,,,,,,,,NAD83(CSRS) / UTM zone 14N,,,,,,,,
607,L_33,,,339480.445,5626578.767,0.000,,-101.27641629,50.76873752,0.000,Local,,,,,,m,,,,,,,,,,,,,,,,NAD83(CSRS) / UTM zone 14N,,,,,,,,
608,L_34,,,339512.184,5626340.002,0.000,,-101.27586241,50.76660081,0.000,Local,,,,,,m,,,,,,,,,,,,,,,,NAD83(CSRS) / UTM zone 14N,,,,,,,,
609,L_34,,,339512.568,5626352.791,0.000,,-101.27586255,50.76671584,0.000,Local,,,,,,m,,,,,,,,,,,,,,,,NAD83(CSRS) / UTM zone 14N,,,,,,,,
610,L_35,,,339512.568,5626352.791,0.000,,-101.27586255,50.76671584,0.000,Local,,,,,,m,,,,,,,,,,,,,,,,NAD83(CSRS) / UTM zone 14N,,,,,,,,
611,L_35,,,339512.568,5626408.381,0.000,,-101.27588680,50.76721536,0.000,Local,,,,,,m,,,,,,,,,,,,,,,,NAD83(CSRS) / UTM zone 14N,,,,,,,,
612,L_36,,,339512.568,5626408.381,0.000,,-101.27588680,50.76721536,0.000,Local,,,,,,m,,,,,,,,,,,,,,,,NAD83(CSRS) / UTM zone 14N,,,,,,,,
613,L_36,,,339512.884,5626457.970,0.000,,-101.27590395,50.76766104,0.000,Local,,,,,,m,,,,,,,,,,,,,,,,NAD83(CSRS) / UTM zone 14N,,,,,,,,
614,L_37,,,339512.884,5626457.970,0.000,,-101.27590395,50.76766104,0.000,Local,,,,,,m,,,,,,,,,,,,,,,,NAD83(CSRS) / UTM zone 14N,,,,,,,,
615,L_37,,,339508.462,5626499.663,0.000,,-101.27598479,50.76803446,0.000,Local,,,,,,m,,,,,,,,,,,,,,,,NAD83(CSRS) / UTM zone 14N,,,,,,,,
616,L_38,,,339508.462,5626499.663,0.000,,-101.27598479,50.76803446,0.000,Local,,,,,,m,,,,,,,,,,,,,,,,NAD83(CSRS) / UTM zone 14N,,,,,,,,
617,L_38,,,339500.724,5626544.198,0.000,,-101.27611387,50.76843250,0.000,Local,,,,,,m,,,,,,,,,,,,,,,,NAD83(CSRS) / UTM zone 14N,,,,,,,,
618,L_39,,,339500.724,5626544.198,0.000,,-101.27611387,50.76843250,0.000,Local,,,,,,m,,,,,,,,,,,,,,,,NAD83(CSRS) / UTM zone 14N,,,,,,,,
619,L_39,,,339491.573,5626578.767,0.000,,-101.27625861,50.76874060,0.000,Local,,,,,,m,,,,,,,,,,,,,,,,NAD83(CSRS) / UTM zone 14N,,,,,,,,
620,L_40,,,339471.272,5626449.846,0.000,,-101.27649002,50.76757652,0.000,Local,,,,,,m,,,,,,,,,,,,,,,,NAD83(CSRS) / UTM zone 14N,,,,,,,,
621,L_40,,,339471.446,5626447.854,0.000,,-101.27648668,50.76755867,0.000,Local,,,,,,m,,,,,,,,,,,,,,,,NAD83(CSRS) / UTM zone 14N,,,,,,,,
622,L_40,,,339471.617,5626445.862,0.000,,-101.27648339,50.76754082,0.000,Local,,,,,,m,,,,,,,,,,,,,,,,NAD83(CSRS) / UTM zone 14N,,,,,,,,
623,L_40,,,339471.785,5626443.869,0.000,,-101.27648014,50.76752296,0.000,Local,,,,,,m,,,,,,,,,,,,,,,,NAD83(CSRS) / UTM zone 14N,,,,,,,,
624,L_40,,,339471.949,5626441.876,0.000,,-101.27647694,50.76750510,0.000,Local,,,,,,m,,,,,,,,,,,,,,,,NAD83(CSRS) / UTM zone 14N,,,,,,,,
625,L_40,,,339472.110,5626439.883,0.000,,-101.27647379,50.76748723,0.000,Local,,,,,,m,,,,,,,,,,,,,,,,NAD83(CSRS) / UTM zone 14N,,,,,,,,
626,L_40,,,339472.268,5626437.890,0.000,,-101.27647069,50.76746936,0.000,Local,,,,,,m,,,,,,,,,,,,,,,,NAD83(CSRS) / UTM zone 14N,,,,,,,,
627,L_40,,,339472.422,5626435.896,0.000,,-101.27646763,50.76745149,0.000,Local,,,,,,m,,,,,,,,,,,,,,,,NAD83(CSRS) / UTM zone 14N,,,,,,,,
628,L_40,,,339472.573,5626433.902,0.000,,-101.27646463,50.76743361,0.000,Local,,,,,,m,,,,,,,,,,,,,,,,NAD83(CSRS) / UTM zone 14N,,,,,,,,
629,L_40,,,339472.720,5626431.908,0.000,,-101.27646167,50.76741574,0.000,Local,,,,,,m,,,,,,,,,,,,,,,,NAD83(CSRS) / UTM zone 14N,,,,,,,,
630,L_40,,,339472.864,5626429.913,0.000,,-101.27645876,50.76739785,0.000,Local,,,,,,m,,,,,,,,,,,,,,,,NAD83(CSRS) / UTM zone 14N,,,,,,,,
631,L_40,,,339473.005,5626427.919,0.000,,-101.27645589,50.76737997,0.000,Local,,,,,,m,,,,,,,,,,,,,,,,NAD83(CSRS) / UTM zone 14N,,,,,,,,
632,L_40,,,339473.143,5626425.924,0.000,,-101.27645307,50.76736208,0.000,Local,,,,,,m,,,,,,,,,,,,,,,,NAD83(CSRS) / UTM zone 14N,,,,,,,,
633,L_40,,,339473.277,5626423.929,0.000,,-101.27645030,50.76734419,0.000,Local,,,,,,m,,,,,,,,,,,,,,,,NAD83(CSRS) / UTM zone 14N,,,,,,,,
634,L_40,,,339473.407,5626421.933,0.000,,-101.27644758,50.76732630,0.000,Local,,,,,,m,,,,,,,,,,,,,,,,NAD83(CSRS) / UTM zone 14N,,,,,,,,
635,L_40,,,339473.534,5626419.938,0.000,,-101.27644491,50.76730840,0.000,Local,,,,,,m,,,,,,,,,,,,,,,,NAD83(CSRS) / UTM zone 14N,,,,,,,,
636,L_40,,,339473.658,5626417.942,0.000,,-101.27644228,50.76729050,0.000,Local,,,,,,m,,,,,,,,,,,,,,,,NAD83(CSRS) / UTM zone 14N,,,,,,,,
637,L_40,,,339473.779,5626415.946,0.000,,-101.27643971,50.76727260,0.000,Local,,,,,,m,,,,,,,,,,,,,,,,NAD83(CSRS) / UTM zone 14N,,,,,,,,
638,L_40,,,339473.896,5626413.950,0.000,,-101.27643718,50.76725470,0.000,Local,,,,,,m,,,,,,,,,,,,,,,,NAD83(CSRS) / UTM zone 14N,,,,,,,,
639,L_40,,,339474.010,5626411.954,0.000,,-101.27643469,50.76723679,0.000,Local,,,,,,m,,,,,,,,,,,,,,,,NAD83(CSRS) / UTM zone 14N,,,,,,,,
640,L_40,,,339474.120,5626409.957,0.000,,-101.27643226,50.76721888,0.000,Local,,,,,,m,,,,,,,,,,,,,,,,NAD83(CSRS) / UTM zone 14N,,,,,,,,
641,L_40,,,339474.227,5626407.960,0.000,,-101.27642987,50.76720097,0.000,Local,,,,,,m,,,,,,,,,,,,,,,,NAD83(CSRS) / UTM zone 14N,,,,,,,,
642,L_40,,,339474.331,5626405.963,0.000,,-101.27642753,50.76718305,0.000,Local,,,,,,m,,,,,,,,,,,,,,,,NAD83(CSRS) / UTM zone 14N,,,,,,,,
643,L_40,,,339474.431,5626403.966,0.000,,-101.27642524,50.76716513,0.000,Local,,,,,,m,,,,,,,,,,,,,,,,NAD83(CSRS) / UTM zone 14N,,,,,,,,
644,L_40,,,339474.528,5626401.969,0.000,,-101.27642300,50.76714721,0.000,Local,,,,,,m,,,,,,,,,,,,,,,,NAD83(CSRS) / UTM zone 14N,,,,,,,,
645,L_40,,,339474.621,5626399.972,0.000,,-101.27642080,50.76712929,0.000,Local,,,,,,m,,,,,,,,,,,,,,,,NAD83(CSRS) / UTM zone 14N,,,,,,,,
646,L_40,,,339474.711,5626397.974,0.000,,-101.27641865,50.76711137,0.000,Local,,,,,,m,,,,,,,,,,,,,,,,NAD83(CSRS) / UTM zone 14N,,,,,,,,
647,L_40,,,339474.798,5626395.976,0.000,,-101.27641655,50.76709344,0.000,Local,,,,,,m,,,,,,,,,,,,,,,,NAD83(CSRS) / UTM zone 14N,,,,,,,,
648,L_40,,,339474.881,5626393.978,0.000,,-101.27641450,50.76707551,0.000,Local,,,,,,m,,,,,,,,,,,,,,,,NAD83(CSRS) / UTM zone 14N,,,,,,,,
649,L_40,,,339474.961,5626391.980,0.000,,-101.27641249,50.76705758,0.000,Local,,,,,,m,,,,,,,,,,,,,,,,NAD83(CSRS) / UTM zone 14N,,,,,,,,
650,L_40,,,339475.038,5626389.982,0.000,,-101.27641054,50.76703964,0.000,Local,,,,,,m,,,,,,,,,,,,,,,,NAD83(CSRS) / UTM zone 14N,,,,,,,,
651,L_40,,,339475.111,5626387.984,0.000,,-101.27640863,50.76702171,0.000,Local,,,,,,m,,,,,,,,,,,,,,,,NAD83(CSRS) / UTM zone 14N,,,,,,,,
652,L_40,,,339475.181,5626385.986,0.000,,-101.27640677,50.76700377,0.000,Local,,,,,,m,,,,,,,,,,,,,,,,NAD83(CSRS) / UTM zone 14N,,,,,,,,
653,L_40,,,339475.248,5626383.987,0.000,,-101.27640495,50.76698583,0.000,Local,,,,,,m,,,,,,,,,,,,,,,,NAD83(CSRS) / UTM zone 14N,,,,,,,,
654,L_40,,,339475.311,5626381.988,0.000,,-101.27640319,50.76696789,0.000,Local,,,,,,m,,,,,,,,,,,,,,,,NAD83(CSRS) / UTM zone 14N,,,,,,,,
655,L_40,,,339475.370,5626379.990,0.000,,-101.27640147,50.76694995,0.000,Local,,,,,,m,,,,,,,,,,,,,,,,NAD83(CSRS) / UTM zone 14N,,,,,,,,
656,L_40,,,339475.427,5626377.991,0.000,,-101.27639980,50.76693200,0.000,Local,,,,,,m,,,,,,,,,,,,,,,,NAD83(CSRS) / UTM zone 14N,,,,,,,,
657,L_40,,,339475.480,5626375.992,0.000,,-101.27639818,50.76691405,0.000,Local,,,,,,m,,,,,,,,,,,,,,,,NAD83(CSRS) / UTM zone 14N,,,,,,,,
658,L_40,,,339475.529,5626373.993,0.000,,-101.27639660,50.76689610,0.000,Local,,,,,,m,,,,,,,,,,,,,,,,NAD83(CSRS) / UTM zone 14N,,,,,,,,
659,L_40,,,339475.575,5626371.994,0.000,,-101.27639507,50.76687815,0.000,Local,,,,,,m,,,,,,,,,,,,,,,,NAD83(CSRS) / UTM zone 14N,,,,,,,,
660,L_40,,,339475.618,5626369.995,0.000,,-101.27639360,50.76686020,0.000,Local,,,,,,m,,,,,,,,,,,,,,,,NAD83(CSRS) / UTM zone 14N,,,,,,,,
661,L_40,,,339475.658,5626367.995,0.000,,-101.27639217,50.76684225,0.000,Local,,,,,,m,,,,,,,,,,,,,,,,NAD83(CSRS) / UTM zone 14N,,,,,,,,
662,L_40,,,339475.694,5626365.996,0.000,,-101.27639078,50.76682429,0.000,Local,,,,,,m,,,,,,,,,,,,,,,,NAD83(CSRS) / UTM zone 14N,,,,,,,,
663,L_40,,,339475.726,5626363.997,0.000,,-101.27638945,50.76680634,0.000,Local,,,,,,m,,,,,,,,,,,,,,,,NAD83(CSRS) / UTM zone 14N,,,,,,,,
664,L_40,,,339475.756,5626361.997,0.000,,-101.27638816,50.76678838,0.000,Local,,,,,,m,,,,,,,,,,,,,,,,NAD83(CSRS) / UTM zone 14N,,,,,,,,
665,L_40,,,339475.781,5626359.998,0.000,,-101.27638692,50.76677042,0.000,Local,,,,,,m,,,,,,,,,,,,,,,,NAD83(CSRS) / UTM zone 14N,,,,,,,,
666,L_40,,,339475.804,5626357.999,0.000,,-101.27638573,50.76675246,0.000,Local,,,,,,m,,,,,,,,,,,,,,,,NAD83(CSRS) / UTM zone 14N,,,,,,,,
667,L_40,,,339475.823,5626355.999,0.000,,-101.27638459,50.76673450,0.000,Local,,,,,,m,,,,,,,,,,,,,,,,NAD83(CSRS) / UTM zone 14N,,,,,,,,
668,L_40,,,339475.839,5626353.999,0.000,,-101.27638349,50.76671653,0.000,Local,,,,,,m,,,,,,,,,,,,,,,,NAD83(CSRS) / UTM zone 14N,,,,,,,,
669,L_40,,,339475.851,5626352.000,0.000,,-101.27638244,50.76669857,0.000,Local,,,,,,m,,,,,,,,,,,,,,,,NAD83(CSRS) / UTM zone 14N,,,,,,,,
670,L_40,,,339475.860,5626350.000,0.000,,-101.27638144,50.76668060,0.000,Local,,,,,,m,,,,,,,,,,,,,,,,NAD83(CSRS) / UTM zone 14N,,,,,,,,
671,L_40,,,339475.866,5626348.001,0.000,,-101.27638049,50.76666264,0.000,Local,,,,,,m,,,,,,,,,,,,,,,,NAD83(CSRS) / UTM zone 14N,,,,,,,,
672,L_40,,,339475.868,5626346.001,0.000,,-101.27637959,50.76664467,0.000,Local,,,,,,m,,,,,,,,,,,,,,,,NAD83(CSRS) / UTM zone 14N,,,,,,,,
673,L_40,,,339475.867,5626344.001,0.000,,-101.27637873,50.76662670,0.000,Local,,,,,,m,,,,,,,,,,,,,,,,NAD83(CSRS) / UTM zone 14N,,,,,,,,
674,L_40,,,339475.862,5626342.002,0.000,,-101.27637792,50.76660873,0.000,Local,,,,,,m,,,,,,,,,,,,,,,,NAD83(CSRS) / UTM zone 14N,,,,,,,,
675,L_40,,,339475.855,5626340.002,0.000,,-101.27637716,50.76659076,0.000,Local,,,,,,m,,,,,,,,,,,,,,,,NAD83(CSRS) / UTM zone 14N,,,,,,,,
676,L_41,,,339458.973,5626492.964,0.000,,-101.27668310,50.76796057,0.000,Local,,,,,,m,,,,,,,,,,,,,,,,NAD83(CSRS) / UTM zone 14N,,,,,,,,
677,L_41,,,339420.207,5626487.781,0.000,,-101.27723012,50.76790326,0.000,Local,,,,,,m,,,,,,,,,,,,,,,,NAD83(CSRS) / UTM zone 14N,,,,,,,,
678,L_42,,,339398.624,5626495.793,0.000,,-101.27753944,50.76796928,0.000,Local,,,,,,m,,,,,,,,,,,,,,,,NAD83(CSRS) / UTM zone 14N,,,,,,,,
679,L_42,,,339457.263,5626505.350,0.000,,-101.27671273,50.76807139,0.000,Local,,,,,,m,,,,,,,,,,,,,,,,NAD83(CSRS) / UTM zone 14N,,,,,,,,
680,L_43,,,339420.680,5626425.835,0.000,,-101.27719639,50.76734676,0.000,Local,,,,,,m,,,,,,,,,,,,,,,,NAD83(CSRS) / UTM zone 14N,,,,,,,,
681,L_43,,,339463.394,5626425.835,0.000,,-101.27659116,50.76735858,0.000,Local,,,,,,m,,,,,,,,,,,,,,,,NAD83(CSRS) / UTM zone 14N,,,,,,,,
682,L_44,,,339463.929,5626413.301,0.000,,-101.27657812,50.76724611,0.000,Local,,,,,,m,,,,,,,,,,,,,,,,NAD83(CSRS) / UTM zone 14N,,,,,,,,
683,L_44,,,339364.371,5626417.049,0.000,,-101.27799040,50.76725223,0.000,Local,,,,,,m,,,,,,,,,,,,,,,,NAD83(CSRS) / UTM zone 14N,,,,,,,,
684,L_45,,,339470.553,5626340.453,0.000,,-101.27645247,50.76659334,0.000,Local,,,,,,m,,,,,,,,,,,,,,,,NAD83(CSRS) / UTM zone 14N,,,,,,,,
685,L_45,,,339470.553,5626361.424,0.000,,-101.27646162,50.76678178,0.000,Local,,,,,,m,,,,,,,,,,,,,,,,NAD83(CSRS) / UTM zone 14N,,,,,,,,
686,L_46,,,339470.553,5626361.424,0.000,,-101.27646162,50.76678178,0.000,Local,,,,,,m,,,,,,,,,,,,,,,,NAD83(CSRS) / UTM zone 14N,,,,,,,,
687,L_46,,,339468.437,5626414.331,0.000,,-101.27651469,50.76725661,0.000,Local,,,,,,m,,,,,,,,,,,,,,,,NAD83(CSRS) / UTM zone 14N,,,,,,,,
688,L_47,,,339468.437,5626414.331,0.000,,-101.27651469,50.76725661,0.000,Local,,,,,,m,,,,,,,,,,,,,,,,NAD83(CSRS) / UTM zone 14N,,,,,,,,
689,L_47,,,339465.879,5626455.490,0.000,,-101.27656889,50.76762575,0.000,Local,,,,,,m,,,,,,,,,,,,,,,,NAD83(CSRS) / UTM zone 14N,,,,,,,,
690,L_48,,,339465.879,5626455.490,0.000,,-101.27656889,50.76762575,0.000,Local,,,,,,m,,,,,,,,,,,,,,,,NAD83(CSRS) / UTM zone 14N,,,,,,,,
691,L_48,,,339464.274,5626481.314,0.000,,-101.27660290,50.76785735,0.000,Local,,,,,,m,,,,,,,,,,,,,,,,NAD83(CSRS) / UTM zone 14N,,,,,,,,
692,L_49,,,339464.274,5626481.314,0.000,,-101.27660290,50.76785735,0.000,Local,,,,,,m,,,,,,,,,,,,,,,,NAD83(CSRS) / UTM zone 14N,,,,,,,,
693,L_49,,,339463.712,5626492.045,0.000,,-101.27661555,50.76795363,0.000,Local,,,,,,m,,,,,,,,,,,,,,,,NAD83(CSRS) / UTM zone 14N,,,,,,,,
694,L_50,,,339463.712,5626492.045,0.000,,-101.27661555,50.76795363,0.000,Local,,,,,,m,,,,,,,,,,,,,,,,NAD83(CSRS) / UTM zone 14N,,,,,,,,
695,L_50,,,339461.775,5626510.309,0.000,,-101.27665097,50.76811720,0.000,Local,,,,,,m,,,,,,,,,,,,,,,,NAD83(CSRS) / UTM zone 14N,,,,,,,,
696,L_51,,,339461.775,5626510.309,0.000,,-101.27665097,50.76811720,0.000,Local,,,,,,m,,,,,,,,,,,,,,,,NAD83(CSRS) / UTM zone 14N,,,,,,,,
697,L_51,,,339459.608,5626522.777,0.000,,-101.27668711,50.76822864,0.000,Local,,,,,,m,,,,,,,,,,,,,,,,NAD83(CSRS) / UTM zone 14N,,,,,,,,
698,L_52,,,339459.608,5626522.777,0.000,,-101.27668711,50.76822864,0.000,Local,,,,,,m,,,,,,,,,,,,,,,,NAD83(CSRS) / UTM zone 14N,,,,,,,,
699,L_52,,,339454.101,5626548.674,0.000,,-101.27677644,50.76845982,0.000,Local,,,,,,m,,,,,,,,,,,,,,,,NAD83(CSRS) / UTM zone 14N,,,,,,,,
700,L_53,,,339454.101,5626548.674,0.000,,-101.27677644,50.76845982,0.000,Local,,,,,,m,,,,,,,,,,,,,,,,NAD83(CSRS) / UTM zone 14N,,,,,,,,
701,L_53,,,339445.433,5626575.719,0.000,,-101.27691107,50.76870044,0.000,Local,,,,,,m,,,,,,,,,,,,,,,,NAD83(CSRS) / UTM zone 14N,,,,,,,,
702,L_54,,,339379.682,5626441.167,0.000,,-101.27778399,50.76747318,0.000,Local,,,,,,m,,,,,,,,,,,,,,,,NAD83(CSRS) / UTM zone 14N,,,,,,,,
703,L_54,,,339379.682,5626432.390,0.000,,-101.27778016,50.76739432,0.000,Local,,,,,,m,,,,,,,,,,,,,,,,NAD83(CSRS) / UTM zone 14N,,,,,,,,
704,L_55,,,339380.247,5626431.825,0.000,,-101.27777191,50.76738940,0.000,Local,,,,,,m,,,,,,,,,,,,,,,,NAD83(CSRS) / UTM zone 14N,,,,,,,,
705,L_55,,,339453.077,5626431.825,0.000,,-101.27673995,50.76740955,0.000,Local,,,,,,m,,,,,,,,,,,,,,,,NAD83(CSRS) / UTM zone 14N,,,,,,,,
706,L_56,,,339376.976,5626441.146,0.000,,-101.27782233,50.76747225,0.000,Local,,,,,,m,,,,,,,,,,,,,,,,NAD83(CSRS) / UTM zone 14N,,,,,,,,
707,L_56,,,339376.976,5626429.264,0.000,,-101.27781714,50.76736548,0.000,Local,,,,,,m,,,,,,,,,,,,,,,,NAD83(CSRS) / UTM zone 14N,,,,,,,,
708,L_57,,,339378.004,5626428.235,0.000,,-101.27780211,50.76735652,0.000,Local,,,,,,m,,,,,,,,,,,,,,,,NAD83(CSRS) / UTM zone 14N,,,,,,,,
709,L_57,,,339453.113,5626428.235,0.000,,-101.27673789,50.76737731,0.000,Local,,,,,,m,,,,,,,,,,,,,,,,NAD83(CSRS) / UTM zone 14N,,,,,,,,
710,L_58,,,339378.004,5626428.235,0.000,,-101.27780211,50.76735652,0.000,Local,,,,,,m,,,,,,,,,,,,,,,,NAD83(CSRS) / UTM zone 14N,,,,,,,,
711,L_58,,,339377.826,5626428.250,0.000,,-101.27780465,50.76735661,0.000,Local,,,,,,m,,,,,,,,,,,,,,,,NAD83(CSRS) / UTM zone 14N,,,,,,,,
712,L_58,,,339377.652,5626428.297,0.000,,-101.27780713,50.76735698,0.000,Local,,,,,,m,,,,,,,,,,,,,,,,NAD83(CSRS) / UTM zone 14N,,,,,,,,
713,L_58,,,339377.490,5626428.373,0.000,,-101.27780946,50.76735761,0.000,Local,,,,,,m,,,,,,,,,,,,,,,,NAD83(CSRS) / UTM zone 14N,,,,,,,,
714,L_58,,,339377.343,5626428.475,0.000,,-101.27781159,50.76735850,0.000,Local,,,,,,m,,,,,,,,,,,,,,,,NAD83(CSRS) / UTM zone 14N,,,,,,,,
715,L_58,,,339377.216,5626428.602,0.000,,-101.27781344,50.76735960,0.000,Local,,,,,,m,,,,,,,,,,,,,,,,NAD83(CSRS) / UTM zone 14N,,,,,,,,
716,L_58,,,339377.113,5626428.749,0.000,,-101.27781496,50.76736089,0.000,Local,,,,,,m,,,,,,,,,,,,,,,,NAD83(CSRS) / UTM zone 14N,,,,,,,,
717,L_58,,,339377.038,5626428.912,0.000,,-101.27781611,50.76736233,0.000,Local,,,,,,m,,,,,,,,,,,,,,,,NAD83(CSRS) / UTM zone 14N,,,,,,,,
718,L_58,,,339376.991,5626429.085,0.000,,-101.27781684,50.76736388,0.000,Local,,,,,,m,,,,,,,,,,,,,,,,NAD83(CSRS) / UTM zone 14N,,,,,,,,
719,L_58,,,339376.976,5626429.264,0.000,,-101.27781714,50.76736548,0.000,Local,,,,,,m,,,,,,,,,,,,,,,,NAD83(CSRS) / UTM zone 14N,,,,,,,,
720,L_59,,,339380.247,5626431.825,0.000,,-101.27777191,50.76738940,0.000,Local,,,,,,m,,,,,,,,,,,,,,,,NAD83(CSRS) / UTM zone 14N,,,,,,,,
721,L_59,,,339380.149,5626431.833,0.000,,-101.27777330,50.76738945,0.000,Local,,,,,,m,,,,,,,,,,,,,,,,NAD83(CSRS) / UTM zone 14N,,,,,,,,
722,L_59,,,339380.054,5626431.859,0.000,,-101.27777466,50.76738965,0.000,Local,,,,,,m,,,,,,,,,,,,,,,,NAD83(CSRS) / UTM zone 14N,,,,,,,,
723,L_59,,,339379.964,5626431.900,0.000,,-101.27777594,50.76739000,0.000,Local,,,,,,m,,,,,,,,,,,,,,,,NAD83(CSRS) / UTM zone 14N,,,,,,,,
724,L_59,,,339379.884,5626431.957,0.000,,-101.27777711,50.76739048,0.000,Local,,,,,,m,,,,,,,,,,,,,,,,NAD83(CSRS) / UTM zone 14N,,,,,,,,
725,L_59,,,339379.814,5626432.027,0.000,,-101.27777813,50.76739109,0.000,Local,,,,,,m,,,,,,,,,,,,,,,,NAD83(CSRS) / UTM zone 14N,,,,,,,,
726,L_59,,,339379.758,5626432.107,0.000,,-101.27777896,50.76739180,0.000,Local,,,,,,m,,,,,,,,,,,,,,,,NAD83(CSRS) / UTM zone 14N,,,,,,,,
727,L_59,,,339379.716,5626432.196,0.000,,-101.27777959,50.76739259,0.000,Local,,,,,,m,,,,,,,,,,,,,,,,NAD83(CSRS) / UTM zone 14N,,,,,,,,
728,L_59,,,339379.691,5626432.292,0.000,,-101.27777999,50.76739344,0.000,Local,,,,,,m,,,,,,,,,,,,,,,,NAD83(CSRS) / UTM zone 14N,,,,,,,,
729,L_59,,,339379.682,5626432.390,0.000,,-101.27778016,50.76739432,0.000,Local,,,,,,m,,,,,,,,,,,,,,,,NAD83(CSRS) / UTM zone 14N,,,,,,,,
730,L_60,,,339420.207,5626487.781,0.000,,-101.27723012,50.76790326,0.000,Local,,,,,,m,,,,,,,,,,,,,,,,NAD83(CSRS) / UTM zone 14N,,,,,,,,
731,L_60,,,339420.680,5626425.835,0.000,,-101.27719639,50.76734676,0.000,Local,,,,,,m,,,,,,,,,,,,,,,,NAD83(CSRS) / UTM zone 14N,,,,,,,,
732,L_61,,,339324.136,5626495.224,0.000,,-101.27859464,50.76794355,0.000,Local,,,,,,m,,,,,,,,,,,,,,,,NAD83(CSRS) / UTM zone 14N,,,,,,,,
733,L_61,,,339398.624,5626495.793,0.000,,-101.27753944,50.76796928,0.000,Local,,,,,,m,,,,,,,,,,,,,,,,NAD83(CSRS) / UTM zone 14N,,,,,,,,
734,L_62,,,339364.371,5626417.049,0.000,,-101.27799040,50.76725223,0.000,Local,,,,,,m,,,,,,,,,,,,,,,,NAD83(CSRS) / UTM zone 14N,,,,,,,,
735,L_62,,,339324.735,5626416.747,0.000,,-101.27855188,50.76723854,0.000,Local,,,,,,m,,,,,,,,,,,,,,,,NAD83(CSRS) / UTM zone 14N,,,,,,,,
736,L_63,,,339324.735,5626416.747,0.000,,-101.27855188,50.76723854,0.000,Local,,,,,,m,,,,,,,,,,,,,,,,NAD83(CSRS) / UTM zone 14N,,,,,,,,
737,L_63,,,339324.136,5626495.224,0.000,,-101.27859464,50.76794355,0.000,Local,,,,,,m,,,,,,,,,,,,,,,,NAD83(CSRS) / UTM zone 14N,,,,,,,,
738,L_64,,,339389.597,5626458.083,0.000,,-101.27765088,50.76762793,0.000,Local,,,,,,m,,,,,,,,,,,,,,,,NAD83(CSRS) / UTM zone 14N,,,,,,,,
739,L_64,,,339386.397,5626458.059,0.000,,-101.27769621,50.76762683,0.000,Local,,,,,,m,,,,,,,,,,,,,,,,NAD83(CSRS) / UTM zone 14N,,,,,,,,
740,L_65,,,339386.422,5626454.858,0.000,,-101.27769447,50.76759808,0.000,Local,,,,,,m,,,,,,,,,,,,,,,,NAD83(CSRS) / UTM zone 14N,,,,,,,,
741,L_65,,,339389.622,5626454.883,0.000,,-101.27764914,50.76759918,0.000,Local,,,,,,m,,,,,,,,,,,,,,,,NAD83(CSRS) / UTM zone 14N,,,,,,,,
742,L_66,,,339386.397,5626458.059,0.000,,-101.27769621,50.76762683,0.000,Local,,,,,,m,,,,,,,,,,,,,,,,NAD83(CSRS) / UTM zone 14N,,,,,,,,
743,L_66,,,339386.422,5626454.858,0.000,,-101.27769447,50.76759808,0.000,Local,,,,,,m,,,,,,,,,,,,,,,,NAD83(CSRS) / UTM zone 14N,,,,,,,,
744,L_67,,,339389.622,5626454.883,0.000,,-101.27764914,50.76759918,0.000,Local,,,,,,m,,,,,,,,,,,,,,,,NAD83(CSRS) / UTM zone 14N,,,,,,,,
745,L_67,,,339389.597,5626458.083,0.000,,-101.27765088,50.76762793,0.000,Local,,,,,,m,,,,,,,,,,,,,,,,NAD83(CSRS) / UTM zone 14N,,,,,,,,
746,L_68,,,339374.230,5626454.689,0.000,,-101.27786714,50.76759318,0.000,Local,,,,,,m,,,,,,,,,,,,,,,,NAD83(CSRS) / UTM zone 14N,,,,,,,,
747,L_68,,,339379.488,5626454.729,0.000,,-101.27779266,50.76759500,0.000,Local,,,,,,m,,,,,,,,,,,,,,,,NAD83(CSRS) / UTM zone 14N,,,,,,,,
748,L_69,,,339379.488,5626454.729,0.000,,-101.27779266,50.76759500,0.000,Local,,,,,,m,,,,,,,,,,,,,,,,NAD83(CSRS) / UTM zone 14N,,,,,,,,
749,L_69,,,339379.463,5626458.082,0.000,,-101.27779448,50.76762512,0.000,Local,,,,,,m,,,,,,,,,,,,,,,,NAD83(CSRS) / UTM zone 14N,,,,,,,,
750,L_70,,,339379.463,5626458.082,0.000,,-101.27779448,50.76762512,0.000,Local,,,,,,m,,,,,,,,,,,,,,,,NAD83(CSRS) / UTM zone 14N,,,,,,,,
751,L_70,,,339374.205,5626458.042,0.000,,-101.27786896,50.76762330,0.000,Local,,,,,,m,,,,,,,,,,,,,,,,NAD83(CSRS) / UTM zone 14N,,,,,,,,
752,L_71,,,339367.197,5626457.633,0.000,,-101.27796807,50.76761769,0.000,Local,,,,,,m,,,,,,,,,,,,,,,,NAD83(CSRS) / UTM zone 14N,,,,,,,,
753,L_71,,,339364.556,5626457.612,0.000,,-101.27800549,50.76761677,0.000,Local,,,,,,m,,,,,,,,,,,,,,,,NAD83(CSRS) / UTM zone 14N,,,,,,,,
754,L_72,,,339358.968,5626457.570,0.000,,-101.27808465,50.76761484,0.000,Local,,,,,,m,,,,,,,,,,,,,,,,NAD83(CSRS) / UTM zone 14N,,,,,,,,
755,L_72,,,339356.327,5626457.550,0.000,,-101.27812207,50.76761393,0.000,Local,,,,,,m,,,,,,,,,,,,,,,,NAD83(CSRS) / UTM zone 14N,,,,,,,,
756,L_73,,,339338.980,5626457.210,0.000,,-101.27836770,50.76760608,0.000,Local,,,,,,m,,,,,,,,,,,,,,,,NAD83(CSRS) / UTM zone 14N,,,,,,,,
757,L_73,,,339339.015,5626452.638,0.000,,-101.27836521,50.76756500,0.000,Local,,,,,,m,,,,,,,,,,,,,,,,NAD83(CSRS) / UTM zone 14N,,,,,,,,
758,L_74,,,339340.692,5626452.651,0.000,,-101.27834147,50.76756558,0.000,Local,,,,,,m,,,,,,,,,,,,,,,,NAD83(CSRS) / UTM zone 14N,,,,,,,,
759,L_74,,,339340.657,5626457.223,0.000,,-101.27834396,50.76760666,0.000,Local,,,,,,m,,,,,,,,,,,,,,,,NAD83(CSRS) / UTM zone 14N,,,,,,,,
760,L_75,,,339350.865,5626457.635,0.000,,-101.27819950,50.76761318,0.000,Local,,,,,,m,,,,,,,,,,,,,,,,NAD83(CSRS) / UTM zone 14N,,,,,,,,
761,L_75,,,339347.969,5626457.613,0.000,,-101.27824051,50.76761218,0.000,Local,,,,,,m,,,,,,,,,,,,,,,,NAD83(CSRS) / UTM zone 14N,,,,,,,,
762,L_76,,,339347.991,5626454.717,0.000,,-101.27823894,50.76758617,0.000,Local,,,,,,m,,,,,,,,,,,,,,,,NAD83(CSRS) / UTM zone 14N,,,,,,,,
763,L_76,,,339350.887,5626454.739,0.000,,-101.27819792,50.76758717,0.000,Local,,,,,,m,,,,,,,,,,,,,,,,NAD83(CSRS) / UTM zone 14N,,,,,,,,
764,L_77,,,339339.015,5626452.638,0.000,,-101.27836521,50.76756500,0.000,Local,,,,,,m,,,,,,,,,,,,,,,,NAD83(CSRS) / UTM zone 14N,,,,,,,,
765,L_77,,,339340.692,5626452.651,0.000,,-101.27834147,50.76756558,0.000,Local,,,,,,m,,,,,,,,,,,,,,,,NAD83(CSRS) / UTM zone 14N,,,,,,,,
766,L_78,,,339340.657,5626457.223,0.000,,-101.27834396,50.76760666,0.000,Local,,,,,,m,,,,,,,,,,,,,,,,NAD83(CSRS) / UTM zone 14N,,,,,,,,
767,L_78,,,339338.980,5626457.210,0.000,,-101.27836770,50.76760608,0.000,Local,,,,,,m,,,,,,,,,,,,,,,,NAD83(CSRS) / UTM zone 14N,,,,,,,,
768,L_79,,,339347.969,5626457.613,0.000,,-101.27824051,50.76761218,0.000,Local,,,,,,m,,,,,,,,,,,,,,,,NAD83(CSRS) / UTM zone 14N,,,,,,,,
769,L_79,,,339347.991,5626454.717,0.000,,-101.27823894,50.76758617,0.000,Local,,,,,,m,,,,,,,,,,,,,,,,NAD83(CSRS) / UTM zone 14N,,,,,,,,
770,L_80,,,339350.887,5626454.739,0.000,,-101.27819792,50.76758717,0.000,Local,,,,,,m,,,,,,,,,,,,,,,,NAD83(CSRS) / UTM zone 14N,,,,,,,,
771,L_80,,,339350.865,5626457.635,0.000,,-101.27819950,50.76761318,0.000,Local,,,,,,m,,,,,,,,,,,,,,,,NAD83(CSRS) / UTM zone 14N,,,,,,,,
772,L_81,,,339356.327,5626457.550,0.000,,-101.27812207,50.76761393,0.000,Local,,,,,,m,,,,,,,,,,,,,,,,NAD83(CSRS) / UTM zone 14N,,,,,,,,
773,L_81,,,339356.347,5626454.908,0.000,,-101.27812063,50.76759020,0.000,Local,,,,,,m,,,,,,,,,,,,,,,,NAD83(CSRS) / UTM zone 14N,,,,,,,,
774,L_82,,,339358.988,5626454.928,0.000,,-101.27808321,50.76759111,0.000,Local,,,,,,m,,,,,,,,,,,,,,,,NAD83(CSRS) / UTM zone 14N,,,,,,,,
775,L_82,,,339358.968,5626457.570,0.000,,-101.27808465,50.76761484,0.000,Local,,,,,,m,,,,,,,,,,,,,,,,NAD83(CSRS) / UTM zone 14N,,,,,,,,
776,L_83,,,339356.347,5626454.908,0.000,,-101.27812063,50.76759020,0.000,Local,,,,,,m,,,,,,,,,,,,,,,,NAD83(CSRS) / UTM zone 14N,,,,,,,,
777,L_83,,,339358.988,5626454.928,0.000,,-101.27808321,50.76759111,0.000,Local,,,,,,m,,,,,,,,,,,,,,,,NAD83(CSRS) / UTM zone 14N,,,,,,,,
778,L_84,,,339364.576,5626454.971,0.000,,-101.27800405,50.76759304,0.000,Local,,,,,,m,,,,,,,,,,,,,,,,NAD83(CSRS) / UTM zone 14N,,,,,,,,
779,L_84,,,339367.218,5626454.991,0.000,,-101.27796663,50.76759396,0.000,Local,,,,,,m,,,,,,,,,,,,,,,,NAD83(CSRS) / UTM zone 14N,,,,,,,,
780,L_85,,,339364.556,5626457.612,0.000,,-101.27800549,50.76761677,0.000,Local,,,,,,m,,,,,,,,,,,,,,,,NAD83(CSRS) / UTM zone 14N,,,,,,,,
781,L_85,,,339364.576,5626454.971,0.000,,-101.27800405,50.76759304,0.000,Local,,,,,,m,,,,,,,,,,,,,,,,NAD83(CSRS) / UTM zone 14N,,,,,,,,
782,L_86,,,339367.218,5626454.991,0.000,,-101.27796663,50.76759396,0.000,Local,,,,,,m,,,,,,,,,,,,,,,,NAD83(CSRS) / UTM zone 14N,,,,,,,,
783,L_86,,,339367.197,5626457.633,0.000,,-101.27796807,50.76761769,0.000,Local,,,,,,m,,,,,,,,,,,,,,,,NAD83(CSRS) / UTM zone 14N,,,,,,,,
784,L_87,,,339374.205,5626458.042,0.000,,-101.27786896,50.76762330,0.000,Local,,,,,,m,,,,,,,,,,,,,,,,NAD83(CSRS) / UTM zone 14N,,,,,,,,
785,L_87,,,339374.230,5626454.689,0.000,,-101.27786714,50.76759318,0.000,Local,,,,,,m,,,,,,,,,,,,,,,,NAD83(CSRS) / UTM zone 14N,,,,,,,,
786,L_88,,,339339.263,5626470.044,0.000,,-101.27836930,50.76772147,0.000,Local,,,,,,m,,,,,,,,,,,,,,,,NAD83(CSRS) / UTM zone 14N,,,,,,,,
787,L_88,,,339375.534,5626470.320,0.000,,-101.27785549,50.76773400,0.000,Local,,,,,,m,,,,,,,,,,,,,,,,NAD83(CSRS) / UTM zone 14N,,,,,,,,
788,L_89,,,339349.658,5626457.626,0.000,,-101.27821659,50.76761277,0.000,Local,,,,,,m,,,,,,,,,,,,,,,,NAD83(CSRS) / UTM zone 14N,,,,,,,,
789,L_89,,,339349.563,5626470.122,0.000,,-101.27822340,50.76772503,0.000,Local,,,,,,m,,,,,,,,,,,,,,,,NAD83(CSRS) / UTM zone 14N,,,,,,,,
790,L_90,,,339348.496,5626470.114,0.000,,-101.27823851,50.76772466,0.000,Local,,,,,,m,,,,,,,,,,,,,,,,NAD83(CSRS) / UTM zone 14N,,,,,,,,
791,L_90,,,339348.591,5626457.618,0.000,,-101.27823170,50.76761240,0.000,Local,,,,,,m,,,,,,,,,,,,,,,,NAD83(CSRS) / UTM zone 14N,,,,,,,,
792,L_91,,,339339.263,5626470.044,0.000,,-101.27836930,50.76772147,0.000,Local,,,,,,m,,,,,,,,,,,,,,,,NAD83(CSRS) / UTM zone 14N,,,,,,,,
793,L_91,,,339339.476,5626442.156,0.000,,-101.27835410,50.76747094,0.000,Local,,,,,,m,,,,,,,,,,,,,,,,NAD83(CSRS) / UTM zone 14N,,,,,,,,
794,L_92,,,339340.391,5626442.163,0.000,,-101.27834115,50.76747125,0.000,Local,,,,,,m,,,,,,,,,,,,,,,,NAD83(CSRS) / UTM zone 14N,,,,,,,,
795,L_92,,,339340.178,5626470.051,0.000,,-101.27835634,50.76772179,0.000,Local,,,,,,m,,,,,,,,,,,,,,,,NAD83(CSRS) / UTM zone 14N,,,,,,,,
796,L_93,,,339339.250,5626471.872,0.000,,-101.27837029,50.76773790,0.000,Local,,,,,,m,,,,,,,,,,,,,,,,NAD83(CSRS) / UTM zone 14N,,,,,,,,
797,L_93,,,339339.263,5626470.044,0.000,,-101.27836930,50.76772147,0.000,Local,,,,,,m,,,,,,,,,,,,,,,,NAD83(CSRS) / UTM zone 14N,,,,,,,,
798,L_94,,,339379.457,5626472.179,0.000,,-101.27780072,50.76775179,0.000,Local,,,,,,m,,,,,,,,,,,,,,,,NAD83(CSRS) / UTM zone 14N,,,,,,,,
799,L_94,,,339339.250,5626471.872,0.000,,-101.27837029,50.76773790,0.000,Local,,,,,,m,,,,,,,,,,,,,,,,NAD83(CSRS) / UTM zone 14N,,,,,,,,
800,L_95,,,339339.476,5626442.156,0.000,,-101.27835410,50.76747094,0.000,Local,,,,,,m,,,,,,,,,,,,,,,,NAD83(CSRS) / UTM zone 14N,,,,,,,,
801,L_95,,,339339.490,5626440.327,0.000,,-101.27835311,50.76745451,0.000,Local,,,,,,m,,,,,,,,,,,,,,,,NAD83(CSRS) / UTM zone 14N,,,,,,,,
802,L_96,,,339339.490,5626440.327,0.000,,-101.27835311,50.76745451,0.000,Local,,,,,,m,,,,,,,,,,,,,,,,NAD83(CSRS) / UTM zone 14N,,,,,,,,
803,L_96,,,339367.836,5626440.543,0.000,,-101.27795157,50.76746430,0.000,Local,,,,,,m,,,,,,,,,,,,,,,,NAD83(CSRS) / UTM zone 14N,,,,,,,,
804,L_97,,,339367.822,5626442.372,0.000,,-101.27795256,50.76748073,0.000,Local,,,,,,m,,,,,,,,,,,,,,,,NAD83(CSRS) / UTM zone 14N,,,,,,,,
805,L_97,,,339339.476,5626442.156,0.000,,-101.27835410,50.76747094,0.000,Local,,,,,,m,,,,,,,,,,,,,,,,NAD83(CSRS) / UTM zone 14N,,,,,,,,
806,L_98,,,339367.030,5626446.315,0.000,,-101.27796551,50.76751594,0.000,Local,,,,,,m,,,,,,,,,,,,,,,,NAD83(CSRS) / UTM zone 14N,,,,,,,,
807,L_98,,,339367.060,5626442.366,0.000,,-101.27796336,50.76748047,0.000,Local,,,,,,m,,,,,,,,,,,,,,,,NAD83(CSRS) / UTM zone 14N,,,,,,,,
808,L_99,,,339375.716,5626446.381,0.000,,-101.27784246,50.76751894,0.000,Local,,,,,,m,,,,,,,,,,,,,,,,NAD83(CSRS) / UTM zone 14N,,,,,,,,
809,L_99,,,339367.030,5626446.315,0.000,,-101.27796551,50.76751594,0.000,Local,,,,,,m,,,,,,,,,,,,,,,,NAD83(CSRS) / UTM zone 14N,,,,,,,,
810,L_100,,,339367.036,5626445.553,0.000,,-101.27796509,50.76750910,0.000,Local,,,,,,m,,,,,,,,,,,,,,,,NAD83(CSRS) / UTM zone 14N,,,,,,,,
811,L_100,,,339375.722,5626445.619,0.000,,-101.27784204,50.76751210,0.000,Local,,,,,,m,,,,,,,,,,,,,,,,NAD83(CSRS) / UTM zone 14N,,,,,,,,
812,L_101,,,339367.825,5626441.914,0.000,,-101.27795231,50.76747662,0.000,Local,,,,,,m,,,,,,,,,,,,,,,,NAD83(CSRS) / UTM zone 14N,,,,,,,,
813,L_101,,,339367.798,5626445.559,0.000,,-101.27795430,50.76750936,0.000,Local,,,,,,m,,,,,,,,,,,,,,,,NAD83(CSRS) / UTM zone 14N,,,,,,,,
814,L_102,,,339384.741,5626442.043,0.000,,-101.27771268,50.76748246,0.000,Local,,,,,,m,,,,,,,,,,,,,,,,NAD83(CSRS) / UTM zone 14N,,,,,,,,
815,L_102,,,339367.825,5626441.914,0.000,,-101.27795231,50.76747662,0.000,Local,,,,,,m,,,,,,,,,,,,,,,,NAD83(CSRS) / UTM zone 14N,,,,,,,,
816,L_103,,,339367.836,5626440.543,0.000,,-101.27795157,50.76746430,0.000,Local,,,,,,m,,,,,,,,,,,,,,,,NAD83(CSRS) / UTM zone 14N,,,,,,,,
817,L_103,,,339384.752,5626440.672,0.000,,-101.27771194,50.76747014,0.000,Local,,,,,,m,,,,,,,,,,,,,,,,NAD83(CSRS) / UTM zone 14N,,,,,,,,
818,L_104,,,339376.741,5626441.982,0.000,,-101.27782602,50.76747970,0.000,Local,,,,,,m,,,,,,,,,,,,,,,,NAD83(CSRS) / UTM zone 14N,,,,,,,,
819,L_104,,,339376.704,5626446.795,0.000,,-101.27782864,50.76752293,0.000,Local,,,,,,m,,,,,,,,,,,,,,,,NAD83(CSRS) / UTM zone 14N,,,,,,,,
820,L_105,,,339375.577,5626454.699,0.000,,-101.27784807,50.76759365,0.000,Local,,,,,,m,,,,,,,,,,,,,,,,NAD83(CSRS) / UTM zone 14N,,,,,,,,
821,L_105,,,339375.674,5626441.974,0.000,,-101.27784113,50.76747933,0.000,Local,,,,,,m,,,,,,,,,,,,,,,,NAD83(CSRS) / UTM zone 14N,,,,,,,,
822,L_106,,,339371.800,5626446.961,0.000,,-101.27789820,50.76752307,0.000,Local,,,,,,m,,,,,,,,,,,,,,,,NAD83(CSRS) / UTM zone 14N,,,,,,,,
823,L_106,,,339375.712,5626446.991,0.000,,-101.27784279,50.76752442,0.000,Local,,,,,,m,,,,,,,,,,,,,,,,NAD83(CSRS) / UTM zone 14N,,,,,,,,
824,L_107,,,339375.706,5626447.753,0.000,,-101.27784320,50.76753126,0.000,Local,,,,,,m,,,,,,,,,,,,,,,,NAD83(CSRS) / UTM zone 14N,,,,,,,,
825,L_107,,,339371.794,5626447.723,0.000,,-101.27789861,50.76752991,0.000,Local,,,,,,m,,,,,,,,,,,,,,,,NAD83(CSRS) / UTM zone 14N,,,,,,,,
826,L_108,,,339371.800,5626446.961,0.000,,-101.27789820,50.76752307,0.000,Local,,,,,,m,,,,,,,,,,,,,,,,NAD83(CSRS) / UTM zone 14N,,,,,,,,
827,L_108,,,339371.729,5626456.321,0.000,,-101.27790330,50.76760715,0.000,Local,,,,,,m,,,,,,,,,,,,,,,,NAD83(CSRS) / UTM zone 14N,,,,,,,,
828,L_109,,,339370.967,5626456.315,0.000,,-101.27791409,50.76760689,0.000,Local,,,,,,m,,,,,,,,,,,,,,,,NAD83(CSRS) / UTM zone 14N,,,,,,,,
829,L_109,,,339371.038,5626446.955,0.000,,-101.27790899,50.76752280,0.000,Local,,,,,,m,,,,,,,,,,,,,,,,NAD83(CSRS) / UTM zone 14N,,,,,,,,
830,L_110,,,339371.038,5626446.955,0.000,,-101.27790899,50.76752280,0.000,Local,,,,,,m,,,,,,,,,,,,,,,,NAD83(CSRS) / UTM zone 14N,,,,,,,,
831,L_110,,,339371.800,5626446.961,0.000,,-101.27789820,50.76752307,0.000,Local,,,,,,m,,,,,,,,,,,,,,,,NAD83(CSRS) / UTM zone 14N,,,,,,,,
832,L_111,,,339388.057,5626446.882,0.000,,-101.27766781,50.76752686,0.000,Local,,,,,,m,,,,,,,,,,,,,,,,NAD83(CSRS) / UTM zone 14N,,,,,,,,
833,L_111,,,339376.628,5626446.795,0.000,,-101.27782972,50.76752291,0.000,Local,,,,,,m,,,,,,,,,,,,,,,,NAD83(CSRS) / UTM zone 14N,,,,,,,,
834,L_112,,,339376.618,5626448.014,0.000,,-101.27783039,50.76753386,0.000,Local,,,,,,m,,,,,,,,,,,,,,,,NAD83(CSRS) / UTM zone 14N,,,,,,,,
835,L_112,,,339388.048,5626448.101,0.000,,-101.27766848,50.76753781,0.000,Local,,,,,,m,,,,,,,,,,,,,,,,NAD83(CSRS) / UTM zone 14N,,,,,,,,
836,L_113,,,339376.694,5626448.014,0.000,,-101.27782931,50.76753389,0.000,Local,,,,,,m,,,,,,,,,,,,,,,,NAD83(CSRS) / UTM zone 14N,,,,,,,,
837,L_113,,,339376.643,5626454.707,0.000,,-101.27783295,50.76759402,0.000,Local,,,,,,m,,,,,,,,,,,,,,,,NAD83(CSRS) / UTM zone 14N,,,,,,,,
838,L_114,,,339387.996,5626454.870,0.000,,-101.27767216,50.76759862,0.000,Local,,,,,,m,,,,,,,,,,,,,,,,NAD83(CSRS) / UTM zone 14N,,,,,,,,
839,L_114,,,339388.096,5626441.840,0.000,,-101.27766507,50.76748157,0.000,Local,,,,,,m,,,,,,,,,,,,,,,,NAD83(CSRS) / UTM zone 14N,,,,,,,,
840,L_115,,,339388.858,5626441.846,0.000,,-101.27765427,50.76748183,0.000,Local,,,,,,m,,,,,,,,,,,,,,,,NAD83(CSRS) / UTM zone 14N,,,,,,,,
841,L_115,,,339388.758,5626454.876,0.000,,-101.27766137,50.76759889,0.000,Local,,,,,,m,,,,,,,,,,,,,,,,NAD83(CSRS) / UTM zone 14N,,,,,,,,
842,L_116,,,339387.921,5626439.934,0.000,,-101.27766671,50.76746439,0.000,Local,,,,,,m,,,,,,,,,,,,,,,,NAD83(CSRS) / UTM zone 14N,,,,,,,,
843,L_116,,,339389.597,5626439.947,0.000,,-101.27764297,50.76746497,0.000,Local,,,,,,m,,,,,,,,,,,,,,,,NAD83(CSRS) / UTM zone 14N,,,,,,,,
844,L_117,,,339384.751,5626440.824,0.000,,-101.27771202,50.76747151,0.000,Local,,,,,,m,,,,,,,,,,,,,,,,NAD83(CSRS) / UTM zone 14N,,,,,,,,
845,L_117,,,339398.085,5626440.926,0.000,,-101.27752312,50.76747612,0.000,Local,,,,,,m,,,,,,,,,,,,,,,,NAD83(CSRS) / UTM zone 14N,,,,,,,,
846,L_118,,,339397.010,5626441.985,0.000,,-101.27753882,50.76748533,0.000,Local,,,,,,m,,,,,,,,,,,,,,,,NAD83(CSRS) / UTM zone 14N,,,,,,,,
847,L_118,,,339384.742,5626441.891,0.000,,-101.27771260,50.76748109,0.000,Local,,,,,,m,,,,,,,,,,,,,,,,NAD83(CSRS) / UTM zone 14N,,,,,,,,
848,L_119,,,339384.752,5626440.672,0.000,,-101.27771194,50.76747014,0.000,Local,,,,,,m,,,,,,,,,,,,,,,,NAD83(CSRS) / UTM zone 14N,,,,,,,,
849,L_119,,,339384.741,5626442.043,0.000,,-101.27771268,50.76748246,0.000,Local,,,,,,m,,,,,,,,,,,,,,,,NAD83(CSRS) / UTM zone 14N,,,,,,,,
850,L_120,,,339387.914,5626440.848,0.000,,-101.27766721,50.76747260,0.000,Local,,,,,,m,,,,,,,,,,,,,,,,NAD83(CSRS) / UTM zone 14N,,,,,,,,
851,L_120,,,339387.921,5626439.934,0.000,,-101.27766671,50.76746439,0.000,Local,,,,,,m,,,,,,,,,,,,,,,,NAD83(CSRS) / UTM zone 14N,,,,,,,,
852,L_121,,,339389.597,5626439.947,0.000,,-101.27764297,50.76746497,0.000,Local,,,,,,m,,,,,,,,,,,,,,,,NAD83(CSRS) / UTM zone 14N,,,,,,,,
853,L_121,,,339389.590,5626440.861,0.000,,-101.27764347,50.76747318,0.000,Local,,,,,,m,,,,,,,,,,,,,,,,NAD83(CSRS) / UTM zone 14N,,,,,,,,
854,L_122,,,339396.975,5626446.543,0.000,,-101.27754130,50.76752629,0.000,Local,,,,,,m,,,,,,,,,,,,,,,,NAD83(CSRS) / UTM zone 14N,,,,,,,,
855,L_122,,,339388.822,5626446.481,0.000,,-101.27765680,50.76752347,0.000,Local,,,,,,m,,,,,,,,,,,,,,,,NAD83(CSRS) / UTM zone 14N,,,,,,,,
856,L_123,,,339388.828,5626445.719,0.000,,-101.27765638,50.76751662,0.000,Local,,,,,,m,,,,,,,,,,,,,,,,NAD83(CSRS) / UTM zone 14N,,,,,,,,
857,L_123,,,339396.981,5626445.781,0.000,,-101.27754088,50.76751944,0.000,Local,,,,,,m,,,,,,,,,,,,,,,,NAD83(CSRS) / UTM zone 14N,,,,,,,,
858,L_124,,,339396.788,5626471.092,0.000,,-101.27755467,50.76774682,0.000,Local,,,,,,m,,,,,,,,,,,,,,,,NAD83(CSRS) / UTM zone 14N,,,,,,,,
859,L_124,,,339397.018,5626440.994,0.000,,-101.27753828,50.76747643,0.000,Local,,,,,,m,,,,,,,,,,,,,,,,NAD83(CSRS) / UTM zone 14N,,,,,,,,
860,L_125,,,339398.085,5626441.002,0.000,,-101.27752317,50.76747680,0.000,Local,,,,,,m,,,,,,,,,,,,,,,,NAD83(CSRS) / UTM zone 14N,,,,,,,,
861,L_125,,,339397.847,5626472.167,0.000,,-101.27754014,50.76775677,0.000,Local,,,,,,m,,,,,,,,,,,,,,,,NAD83(CSRS) / UTM zone 14N,,,,,,,,
862,L_126,,,339388.734,5626458.076,0.000,,-101.27766311,50.76762764,0.000,Local,,,,,,m,,,,,,,,,,,,,,,,NAD83(CSRS) / UTM zone 14N,,,,,,,,
863,L_126,,,339388.627,5626472.021,0.000,,-101.27767071,50.76775291,0.000,Local,,,,,,m,,,,,,,,,,,,,,,,NAD83(CSRS) / UTM zone 14N,,,,,,,,
864,L_127,,,339387.865,5626472.015,0.000,,-101.27768150,50.76775264,0.000,Local,,,,,,m,,,,,,,,,,,,,,,,NAD83(CSRS) / UTM zone 14N,,,,,,,,
865,L_127,,,339387.972,5626458.071,0.000,,-101.27767391,50.76762737,0.000,Local,,,,,,m,,,,,,,,,,,,,,,,NAD83(CSRS) / UTM zone 14N,,,,,,,,
866,L_128,,,339376.542,5626458.059,0.000,,-101.27783586,50.76762411,0.000,Local,,,,,,m,,,,,,,,,,,,,,,,NAD83(CSRS) / UTM zone 14N,,,,,,,,
867,L_128,,,339376.436,5626471.927,0.000,,-101.27784341,50.76774869,0.000,Local,,,,,,m,,,,,,,,,,,,,,,,NAD83(CSRS) / UTM zone 14N,,,,,,,,
868,L_129,,,339375.521,5626471.921,0.000,,-101.27785637,50.76774838,0.000,Local,,,,,,m,,,,,,,,,,,,,,,,NAD83(CSRS) / UTM zone 14N,,,,,,,,
869,L_129,,,339375.627,5626458.053,0.000,,-101.27784881,50.76762379,0.000,Local,,,,,,m,,,,,,,,,,,,,,,,NAD83(CSRS) / UTM zone 14N,,,,,,,,
870,L_130,,,339374.218,5626456.340,0.000,,-101.27786803,50.76760801,0.000,Local,,,,,,m,,,,,,,,,,,,,,,,NAD83(CSRS) / UTM zone 14N,,,,,,,,
871,L_130,,,339371.729,5626456.321,0.000,,-101.27790330,50.76760715,0.000,Local,,,,,,m,,,,,,,,,,,,,,,,NAD83(CSRS) / UTM zone 14N,,,,,,,,
872,L_131,,,339371.735,5626455.559,0.000,,-101.27790288,50.76760031,0.000,Local,,,,,,m,,,,,,,,,,,,,,,,NAD83(CSRS) / UTM zone 14N,,,,,,,,
873,L_131,,,339374.224,5626455.578,0.000,,-101.27786762,50.76760117,0.000,Local,,,,,,m,,,,,,,,,,,,,,,,NAD83(CSRS) / UTM zone 14N,,,,,,,,
874,L_132,,,339379.466,5626470.960,0.000,,-101.27780005,50.76774084,0.000,Local,,,,,,m,,,,,,,,,,,,,,,,NAD83(CSRS) / UTM zone 14N,,,,,,,,
875,L_132,,,339397.855,5626471.100,0.000,,-101.27753956,50.76774719,0.000,Local,,,,,,m,,,,,,,,,,,,,,,,NAD83(CSRS) / UTM zone 14N,,,,,,,,
876,L_133,,,339397.847,5626472.167,0.000,,-101.27754014,50.76775677,0.000,Local,,,,,,m,,,,,,,,,,,,,,,,NAD83(CSRS) / UTM zone 14N,,,,,,,,
877,L_133,,,339379.458,5626472.026,0.000,,-101.27780063,50.76775042,0.000,Local,,,,,,m,,,,,,,,,,,,,,,,NAD83(CSRS) / UTM zone 14N,,,,,,,,
878,L_134,,,339376.448,5626470.327,0.000,,-101.27784254,50.76773432,0.000,Local,,,,,,m,,,,,,,,,,,,,,,,NAD83(CSRS) / UTM zone 14N,,,,,,,,
879,L_134,,,339379.471,5626470.350,0.000,,-101.27779972,50.76773536,0.000,Local,,,,,,m,,,,,,,,,,,,,,,,NAD83(CSRS) / UTM zone 14N,,,,,,,,
880,L_135,,,339379.471,5626470.350,0.000,,-101.27779972,50.76773536,0.000,Local,,,,,,m,,,,,,,,,,,,,,,,NAD83(CSRS) / UTM zone 14N,,,,,,,,
881,L_135,,,339379.457,5626472.179,0.000,,-101.27780072,50.76775179,0.000,Local,,,,,,m,,,,,,,,,,,,,,,,NAD83(CSRS) / UTM zone 14N,,,,,,,,
882,L_136,,,339347.974,5626456.991,0.000,,-101.27824018,50.76760659,0.000,Local,,,,,,m,,,,,,,,,,,,,,,,NAD83(CSRS) / UTM zone 14N,,,,,,,,
883,L_136,,,339340.659,5626456.935,0.000,,-101.27834380,50.76760407,0.000,Local,,,,,,m,,,,,,,,,,,,,,,,NAD83(CSRS) / UTM zone 14N,,,,,,,,
884,L_137,,,339340.667,5626455.868,0.000,,-101.27834322,50.76759448,0.000,Local,,,,,,m,,,,,,,,,,,,,,,,NAD83(CSRS) / UTM zone 14N,,,,,,,,
885,L_137,,,339347.982,5626455.924,0.000,,-101.27823959,50.76759701,0.000,Local,,,,,,m,,,,,,,,,,,,,,,,NAD83(CSRS) / UTM zone 14N,,,,,,,,
main service,ASPH_1,,Asphalt Pavement,339374.797,5626437.076,565.084,,-101.27785142,50.76743508,565.084,Global,0.010,0.010,0.014,0.014,1.934,m,FIX,RTK,2025-09-18 16:22:54.4 UTC-05:00,2025-09-18 16:22:54.4 UTC-05:00,1,3.3,4.0,339439.435,5626370.922,565.371,-101.27690668,50.76685852,565.371,92.521,MP1394,NAD83(CSRS) / UTM zone 14N,11,0,0,0,0,Reach RS3,8243CAFBE344278E,Brent Wiebe brent@railsidedesign.com
main service1,ASPH_1,,Asphalt Pavement,339374.797,5626237.076,565.084,,-101.27776411,50.76563793,565.084,Local,,,,,,m,,,,,,,,,,,,,,,,NAD83(CSRS) / UTM zone 14N,,,,,,,,Brent Wiebe brent@railsidedesign.com
